iteration,roc_auc,pr_auc,f1_macro,balanced_accuracy,brier,log_loss
0,0.71875,0.8012742603361546,0.6322778345250255,0.634375,0.21097013095907943,0.6009695899716418
1,0.74765625,0.8296340377391617,0.6985044865403789,0.696875,0.20156628834114126,0.586771400194404
2,0.7921875,0.8592184608208719,0.7356521739130435,0.740625,0.18792338154441238,0.5585786820098546
3,0.7734375,0.8603904418655375,0.7055501460564753,0.70625,0.19371279027494617,0.5664358641553834
4,0.80078125,0.8688759340900045,0.6950998185117967,0.69375,0.1855363513945888,0.5432962157166104
5,0.7453125,0.8337462971232513,0.6148148148148148,0.61875,0.20763824234122133,0.5936080469178201
6,0.728125,0.8179686041542263,0.6494644595910419,0.65,0.2046921687591145,0.5889981860214465
7,0.5750000000000001,0.7140110966636756,0.5307130159984199,0.53125,0.25897450461575466,0.7115042546339774
8,0.71953125,0.8100616845836419,0.6643356643356644,0.665625,0.21736245200232118,0.6180871505386548
9,0.79609375,0.8559015558409566,0.7298044637566661,0.728125,0.18386119546420873,0.5400067569159217
10,0.78359375,0.8555312981778228,0.6566452415509019,0.659375,0.20859962392811865,0.6018225353427928
11,0.78046875,0.8453414683547368,0.6729211929685956,0.671875,0.18865552463761612,0.550417593601415
12,0.77734375,0.8357842643115675,0.7272183449651046,0.725,0.19317236421799727,0.5630990900549298
13,0.83828125,0.8940731340114705,0.7272183449651046,0.725,0.16689814987689167,0.4979172135350081
14,0.80078125,0.8607342452014018,0.7450826121164438,0.74375,0.18293694257163584,0.545164467302997
15,0.8140624999999999,0.8769828329254423,0.7142857142857142,0.7125,0.1788394097855543,0.5293477842779767
16,0.8218749999999999,0.8722868521039914,0.7492260061919505,0.753125,0.17362488815305419,0.5163435646801561
17,0.803125,0.8513523599525445,0.7450826121164438,0.74375,0.1850498762853203,0.5511902801333896
18,0.7601562500000001,0.8181974043171412,0.7428571428571429,0.740625,0.19589067835501953,0.577244842217852
19,0.75078125,0.8251835391120274,0.6857142857142857,0.684375,0.20005776292553062,0.5777687530570919
20,0.8234375,0.8794336787670594,0.775,0.775,0.17532165791114007,0.5191217653346816
21,0.7734375,0.8570743431181014,0.690625,0.690625,0.1878479442907276,0.5471269672805416
22,0.7359375,0.8393701079958166,0.6510951734832332,0.653125,0.21133265296723516,0.6088451805831561
23,0.7671875,0.8319942952427379,0.6629787234042553,0.66875,0.19544431102363824,0.5688497654697743
24,0.81875,0.8609534404946252,0.7582460991507012,0.75625,0.178334721612011,0.529194852326294
25,0.72734375,0.8053414774438518,0.6950998185117967,0.69375,0.2139791597569949,0.6095792999652461
26,0.825,0.8778972619380964,0.7205311542390194,0.71875,0.17711615552604348,0.5294925432184646
27,0.83671875,0.8925607804566877,0.7762237762237763,0.778125,0.16646530206411353,0.49838085744630134
28,0.86875,0.909032496726869,0.7846460618145563,0.78125,0.15515388563028648,0.47344886540763675
29,0.8578125,0.9110816098710444,0.7582460991507012,0.75625,0.16220061109001424,0.4893016321652996
30,0.8203125,0.8704161498478171,0.803125,0.803125,0.18029990284222536,0.5377224642605497
31,0.7984374999999999,0.8597939282019551,0.7319223985890653,0.73125,0.18861507575640685,0.553550103470516
32,0.78671875,0.8528325176811433,0.7319223985890653,0.73125,0.19094099088229122,0.5534053642991902
33,0.7867187499999999,0.8560135943803289,0.7113071371291099,0.709375,0.19345921499080934,0.5631335226429852
34,0.7617187500000001,0.8307823715258095,0.669790628115653,0.66875,0.18821165677008841,0.5490691398270143
35,0.82734375,0.8793093817510468,0.737012987012987,0.734375,0.1772542679586442,0.5268540446606984
36,0.84140625,0.8817058294416361,0.7734067663257278,0.771875,0.17026671186704812,0.5130460631436373
37,0.8789062500000001,0.92288550386476,0.7866877345447363,0.784375,0.14543071176826278,0.45049898218028883
38,0.8726562500000001,0.9187499478487632,0.7906571040899399,0.79375,0.15724526937242012,0.48294410800755205
39,0.8757812500000001,0.9175543466117574,0.7979149959903769,0.79375,0.1623078187496939,0.49455087706970935
40,0.8124999999999999,0.8945243981215926,0.7482517482517483,0.75,0.17742316770710798,0.5316797524696438
41,0.7140624999999999,0.8155614745252708,0.6214216163583253,0.621875,0.21073725418350692,0.6032921849298974
42,0.7515624999999999,0.8245596535012352,0.6923076923076923,0.69375,0.20447944456525366,0.590552696068806
43,0.78671875,0.8548407901927066,0.7498069498069498,0.75625,0.1927574208756162,0.565081153915165
44,0.8843749999999999,0.9152561404108752,0.8185694902112812,0.821875,0.15067563099782003,0.4682415182224595
45,0.6953125,0.8084977176003335,0.634375,0.634375,0.22409257112139944,0.6371906040382235
46,0.8968750000000001,0.9249565171662342,0.859375,0.859375,0.15184314879225339,0.4706285159197772
47,0.82265625,0.8866361000208217,0.7582460991507012,0.75625,0.17917168028028738,0.5328105331625017
48,0.7515624999999999,0.8490890885636709,0.7037037037037037,0.703125,0.20490726798934158,0.594049286934512
49,0.82890625,0.8911410946478939,0.7428571428571429,0.740625,0.17692455138016794,0.5234838726317065
50,0.721875,0.8335027068742882,0.7078260869565217,0.7125,0.21683359041471234,0.6211773989494793
51,0.740625,0.836720312528546,0.6246992782678429,0.625,0.2183579829092126,0.6219358165780161
52,0.7882812499999999,0.8625284116721618,0.7492260061919505,0.753125,0.18581655337079528,0.5510483838203185
53,0.7335937499999999,0.7958588633985517,0.6775073028237586,0.678125,0.20911042248752126,0.6008961283649974
54,0.79609375,0.8596741816162399,0.7319223985890653,0.73125,0.18350467404207488,0.5368005141215867
55,0.8132812500000001,0.8716259881746969,0.7582460991507012,0.75625,0.1796853544990214,0.5322100249027084
56,0.7523437500000001,0.8416424251334925,0.7213622291021672,0.725,0.20270263752290502,0.5902646096199633
57,0.81328125,0.8652804694950673,0.7113071371291099,0.709375,0.17867765262466515,0.5280695517468644
58,0.85234375,0.9053940895219015,0.7762237762237763,0.778125,0.15403746913618108,0.4713033145435453
59,0.765625,0.8341707577780694,0.7078260869565217,0.7125,0.1976257100872874,0.5764969411481757
60,0.7921874999999999,0.8765352415309269,0.6535685645549318,0.653125,0.1997725264966793,0.5840161015743652
61,0.834375,0.8828324228060203,0.7428571428571429,0.740625,0.16714932356297738,0.5005813555032596
62,0.64921875,0.7479266442138801,0.6285714285714286,0.628125,0.23890084988534951,0.6711488797924391
63,0.76171875,0.8564447002057083,0.6942084942084943,0.7,0.19788855754558515,0.580747763456428
64,0.734375,0.8248356494715373,0.6884343036978757,0.6875,0.2081229624600955,0.5985595183966965
65,0.8148437500000001,0.857893988578162,0.7213622291021672,0.725,0.1790896722998787,0.5277005869322161
66,0.7640625000000001,0.8447752520081017,0.6754850088183422,0.675,0.19048331427600462,0.5490734954140098
67,0.8421875000000001,0.8933886260344898,0.7428571428571429,0.740625,0.16602576813879186,0.495483624209032
68,0.77109375,0.8474392065242552,0.6601101494885917,0.659375,0.18890735166202643,0.552788035002361
69,0.8062499999999999,0.8682563991420844,0.7167584579071598,0.715625,0.17961765613512956,0.5287297705530671
70,0.671875,0.7925953646736601,0.5933787731256086,0.59375,0.2305669856096867,0.6473036945917232
71,0.8023437499999999,0.8589524197319786,0.7069199457259159,0.709375,0.18017446529055128,0.5319397891176819
72,0.86015625,0.8993622963611524,0.8017309205350118,0.8,0.15725169578379725,0.47819023372243613
73,0.72421875,0.8007913126385604,0.6472663139329806,0.646875,0.20969373649494244,0.6011691166747638
74,0.8171875000000001,0.8846520843338657,0.7335929892891919,0.734375,0.17511876752121347,0.5208668825565542
75,0.71484375,0.8066178123860416,0.6472663139329806,0.646875,0.21707402796606384,0.6252923491471808
76,0.8226562499999999,0.8866784396456956,0.7142857142857142,0.7125,0.18049734993195138,0.5332679113690435
77,0.8328125,0.8847653039251473,0.7401764234161989,0.7375,0.17666609321629725,0.5273614174210083
78,0.80546875,0.8744393881748656,0.7734067663257278,0.771875,0.18533398524413935,0.5496705542806617
79,0.8773437499999999,0.9188673447140112,0.7531760435571688,0.75,0.1601331295577807,0.4890293868527351
80,0.7328125000000001,0.826966332930407,0.6601101494885917,0.659375,0.20576867049188804,0.5879479003839234
81,0.8218749999999999,0.8931664145849596,0.7428571428571429,0.740625,0.17744775347411734,0.5276567774304132
82,0.7562499999999999,0.8583375511187451,0.6472663139329806,0.646875,0.1938834878720965,0.5574257423447624
83,0.6546875000000001,0.7670968131535207,0.5875962867864902,0.5875,0.24746971877892676,0.6954542195925298
84,0.80390625,0.871687413670415,0.674074074074074,0.675,0.19070869797747791,0.5557837627985011
85,0.8867187500000001,0.9163027125315361,0.8,0.796875,0.1490182612374875,0.4636893651214018
86,0.7546875000000001,0.8292784707870214,0.6884343036978757,0.6875,0.2064293466209195,0.5971004359876676
87,0.8664062499999999,0.9143699798302699,0.8,0.796875,0.1571134934648626,0.4817166529145242
88,0.7921875,0.8756865356865358,0.746875,0.746875,0.18664087458626297,0.5481978998973676
89,0.8148437500000001,0.8737106432608,0.7319223985890653,0.73125,0.17794904959917415,0.5250765298716771
90,0.76640625,0.8507479673657817,0.6985044865403789,0.696875,0.19112011924552075,0.5563682175464904
91,0.83203125,0.8768377472159601,0.8,0.796875,0.16935633936939096,0.5126180901034216
92,0.8359375,0.9004013114080899,0.7167584579071598,0.715625,0.16633212568019384,0.4932006007925139
93,0.80703125,0.8622509996924888,0.7734067663257278,0.771875,0.1860723398721521,0.5539599308583085
94,0.85390625,0.9035372919041966,0.7113071371291099,0.709375,0.16191557980228957,0.48683342597380314
95,0.7601562500000001,0.8371349810013711,0.7037037037037037,0.703125,0.19609246651227913,0.5676023827837113
96,0.8171875,0.869830409538447,0.7450826121164438,0.74375,0.1777413554602806,0.5322207846766597
97,0.834375,0.8855068764645057,0.7793667007150153,0.775,0.18109541231357962,0.5363278985840982
98,0.7859375,0.8450805714409608,0.7142857142857142,0.7125,0.1897086319392016,0.5522266555546993
99,0.8351562499999999,0.8827665828613654,0.746875,0.746875,0.16951517146530193,0.5127822954384147
100,0.784375,0.8537951525910698,0.6688963210702341,0.671875,0.19351150384103646,0.5625054299079396
101,0.8515625,0.8991457171423968,0.7793667007150153,0.775,0.1654075337584693,0.49526242229011846
102,0.81171875,0.8715187003380486,0.7319223985890653,0.73125,0.17910590507817023,0.529681880000135
103,0.7195312500000001,0.8300534162790035,0.7213622291021672,0.725,0.2148408524072294,0.6186642823335878
104,0.7789062499999999,0.8388194070253452,0.7013628283626308,0.7,0.18974892650959238,0.555765665904155
105,0.7687500000000002,0.8468962865216909,0.7896786757546251,0.790625,0.19748778321202332,0.581445545608021
106,0.85234375,0.9024625183767605,0.7846460618145563,0.78125,0.16334424643559337,0.49313552510555536
107,0.61484375,0.7496330695829017,0.568695652173913,0.571875,0.25242868009663993,0.7070423340690406
108,0.81953125,0.877874139807476,0.7762237762237763,0.778125,0.17175253521983214,0.5117227182715117
109,0.7390625,0.8256517749824632,0.6285714285714286,0.628125,0.20484363760872956,0.586767738588057
110,0.7695312500000001,0.8417602756429604,0.7078260869565217,0.7125,0.19159367320131035,0.5583186382985112
111,0.80390625,0.8769440160642884,0.7202797202797203,0.721875,0.17873560952935247,0.5286415947925486
112,0.675,0.777592985451646,0.6160379221805253,0.615625,0.23868176363545907,0.6686087900539529
113,0.7437499999999999,0.8299911390280589,0.6934984520123839,0.696875,0.20506636964189534,0.591202454960576
114,0.81875,0.89153865033838,0.7272183449651046,0.725,0.1758490188903402,0.5165398232743569
115,0.8140625,0.8829190290372534,0.7356521739130435,0.740625,0.17744402266271495,0.5338896404782268
116,0.76640625,0.8309604062505199,0.7142857142857142,0.7125,0.19459331193266408,0.5664168126937563
117,0.8289062500000001,0.8895668328050861,0.71875,0.71875,0.16766561121471715,0.5032094083790685
118,0.771875,0.8363380563230643,0.7428571428571429,0.740625,0.20061746340432515,0.5849709835723212
119,0.7960937499999999,0.8586255467067604,0.7335929892891919,0.734375,0.18186067625246594,0.5358227156504474
120,0.8062499999999999,0.8760770113100833,0.7298044637566661,0.728125,0.17733371033051148,0.5261359686354704
121,0.796875,0.8772046842159942,0.6571428571428571,0.65625,0.1835055609618689,0.538858717405279
122,0.71171875,0.7913909425965835,0.6775073028237586,0.678125,0.21877488608055007,0.6207938675295819
123,0.79375,0.859809096108316,0.6923076923076923,0.69375,0.19031841081874998,0.5520985741653571
124,0.790625,0.8690140573172221,0.7450826121164438,0.74375,0.18634162443221777,0.545857017303944
125,0.8351562499999999,0.8838788163741575,0.7762237762237763,0.778125,0.16534744475942328,0.4995582350810136
126,0.78671875,0.8594650309322657,0.669790628115653,0.66875,0.18888081160814607,0.5477875298598929
127,0.834375,0.8979678932967063,0.7319223985890653,0.73125,0.16769185861202457,0.5020636668626951
128,0.73046875,0.8194538447610928,0.6472663139329806,0.646875,0.2089395282294544,0.5963692856272106
129,0.72578125,0.8117937242473894,0.6444795575745605,0.64375,0.20356403492656408,0.5839638422306374
130,0.86171875,0.9103523826639414,0.775,0.775,0.17017295335427512,0.5137291877553293
131,0.8625,0.8910251882141749,0.7734067663257278,0.771875,0.15888166225095415,0.47975315977884286
132,0.8164062499999999,0.870198115085804,0.7167584579071598,0.715625,0.17189407747223914,0.5111391102042186
133,0.7640624999999999,0.8383877387605162,0.6660617059891107,0.665625,0.19512103425219285,0.5679843364855185
134,0.8171875000000001,0.8874832124010993,0.7770897832817337,0.78125,0.1771963715861167,0.5313549119823414
135,0.73515625,0.7983853156941657,0.7055501460564753,0.70625,0.2103673070951394,0.6021120915403964
136,0.7859375,0.874641911315296,0.669790628115653,0.66875,0.19319414661540163,0.5597151189262722
137,0.72421875,0.8077299593391245,0.71875,0.71875,0.21901953476300792,0.637649827117208
138,0.7609375,0.8405202985053464,0.6790075596045746,0.68125,0.20085997328311095,0.5797435377989193
139,0.7179687499999999,0.809809419815349,0.6884343036978757,0.6875,0.22056945979306297,0.627373707247084
140,0.790625,0.8445635804686493,0.7450826121164438,0.74375,0.18476153751971586,0.5403665903186026
141,0.74296875,0.8346531165160311,0.7348323318472572,0.7375,0.20653234639976933,0.5986749053021292
142,0.86796875,0.9095555104428438,0.7822141560798548,0.778125,0.1537646172447197,0.47145231687416733
143,0.8070312500000001,0.8644418541387274,0.7037037037037037,0.703125,0.1802494951980568,0.528883528750817
144,0.7296875,0.8247140296164639,0.6363636363636364,0.6375,0.21207726496537246,0.6049210438682342
145,0.7179687499999999,0.7973506872322093,0.6494644595910419,0.65,0.21493669759452924,0.6096232248226263
146,0.7796875,0.8591139308232301,0.6824378508420208,0.68125,0.1847708526327857,0.5396251546649741
147,0.715625,0.7952410343414426,0.6444795575745605,0.64375,0.2130873571738765,0.6045745968667152
148,0.7265625,0.8187423368135538,0.6123629112662015,0.6125,0.21034424038231103,0.6006445698115852
149,0.8539062500000001,0.9097682315437788,0.7401764234161989,0.7375,0.16155299459310613,0.49038455719540663
150,0.8125,0.8770816888553369,0.775,0.775,0.17754903778328548,0.5268873193418594
151,0.78125,0.8494971839693237,0.7013628283626308,0.7,0.1899437352611586,0.5520960337201021
152,0.8226562499999999,0.8893856966470538,0.7272183449651046,0.725,0.17131539032351098,0.5078812071311195
153,0.8070312500000001,0.8709048192139789,0.7298044637566661,0.728125,0.17734145300647483,0.5253534156786974
154,0.90546875,0.9320896573522064,0.8285714285714285,0.825,0.13726179040885567,0.4316913806008096
155,0.7898437500000002,0.8763885477789843,0.7055501460564753,0.70625,0.1906541694557632,0.562564133146301
156,0.78984375,0.8669989353181156,0.7335929892891919,0.734375,0.18512808098406597,0.5457577644616098
157,0.8726562499999999,0.9146788629529968,0.7714285714285714,0.76875,0.1427323191295642,0.4436357524078083
158,0.6914062500000001,0.7900140712191086,0.6317859952793077,0.63125,0.21479345236324454,0.6106370001487471
159,0.8296874999999999,0.8879518250466797,0.7582460991507012,0.75625,0.17168207623556586,0.5131012555603288
160,0.7968750000000001,0.8652547726444126,0.7142857142857142,0.7125,0.18294833698126967,0.5361873772256955
161,0.74609375,0.8212661116451885,0.6601101494885917,0.659375,0.20199579014757996,0.5849281703637429
162,0.8671875,0.9090001523084185,0.7846460618145563,0.78125,0.16731284341600328,0.5066551165731262
163,0.7234375000000001,0.8160411123649486,0.6527107852595022,0.6625,0.21574625632130204,0.6172140965872311
164,0.86953125,0.9053302530375462,0.7734067663257278,0.771875,0.1540217173361781,0.47222296212343967
165,0.7578125,0.8336786793342859,0.7013628283626308,0.7,0.19837433098181284,0.5716605314783576
166,0.76484375,0.8422768315289784,0.7037037037037037,0.703125,0.20045773192626987,0.5836048682325843
167,0.8421874999999999,0.8871983184483767,0.7319223985890653,0.73125,0.16243826321015065,0.49041481243352236
168,0.7882812499999999,0.8520000143827725,0.6884343036978757,0.6875,0.18674273663553587,0.546228866149829
169,0.74453125,0.8227455874439263,0.6790075596045746,0.68125,0.2006928693233455,0.5809566974735558
170,0.8101562499999999,0.8526888027876584,0.7319223985890653,0.73125,0.1809931629693639,0.5328631113087874
171,0.7359375,0.8235866066495631,0.6601101494885917,0.659375,0.20873402596766982,0.6027997610060183
172,0.784375,0.8467702121745991,0.7205311542390194,0.71875,0.20242189397596402,0.5861667917781931
173,0.7828125,0.8608220513086445,0.7142857142857142,0.7125,0.1863384281453484,0.5465174902020259
174,0.8382812500000001,0.8859259250426833,0.7734067663257278,0.771875,0.17362994694625314,0.5206596474394035
175,0.61640625,0.7181630788760954,0.578125,0.578125,0.24841799386408717,0.6892378487976811
176,0.77578125,0.8606667516509203,0.6601101494885917,0.659375,0.1863666638986344,0.5406488492480039
177,0.8859375,0.9279579925164406,0.7846460618145563,0.78125,0.14538710880298059,0.44896638196565497
178,0.83671875,0.875537671096741,0.7770897832817337,0.78125,0.1787541431579681,0.5333564054780926
179,0.7585937500000001,0.8277163112606034,0.6923076923076923,0.69375,0.1984541586670631,0.5777979358598033
180,0.7585937500000001,0.8405364112543571,0.6775073028237586,0.678125,0.19806212973004542,0.5785504912224506
181,0.8632812499999999,0.911191619642201,0.7714285714285714,0.76875,0.15573203455286908,0.4710033230792233
182,0.7859375,0.8707261457159468,0.6785714285714286,0.678125,0.1888610302068251,0.5484412920712936
183,0.734375,0.8431137697555786,0.6799999999999999,0.684375,0.2082455649179215,0.6034015910750684
184,0.7507812500000001,0.8416493886077536,0.6754850088183422,0.675,0.1980977582347376,0.578985036744985
185,0.8351562499999999,0.8766064023919014,0.7213622291021672,0.725,0.17202348868094097,0.5176877325207665
186,0.7703125,0.8529912940661566,0.6824378508420208,0.68125,0.19521971970474694,0.5623672989419146
187,0.7906249999999999,0.8524432872767309,0.7113071371291099,0.709375,0.18589924529332125,0.5477549971276102
188,0.7507812500000001,0.8459221244520588,0.7037037037037037,0.703125,0.1942440939346534,0.563592623282902
189,0.7367187500000001,0.8236867688880041,0.6729211929685956,0.671875,0.21312807771107573,0.609768458884913
190,0.7609374999999999,0.8359248872073132,0.7213622291021672,0.725,0.20467373272088554,0.5932549192936616
191,0.82890625,0.8799594542634692,0.7896786757546251,0.790625,0.16962100943108782,0.5129094548896815
192,0.728125,0.8284362366612482,0.6571428571428571,0.65625,0.21629907579904803,0.6151991022698966
193,0.8148437499999999,0.8749715142381487,0.71875,0.71875,0.17817000748144862,0.5298273554918198
194,0.709375,0.8075873186856726,0.6775073028237586,0.678125,0.21795585215056634,0.6264066404824262
195,0.85234375,0.8930884163542455,0.7762237762237763,0.778125,0.16375927753685135,0.4930784873901844
196,0.83203125,0.889016641885045,0.7450826121164438,0.74375,0.16869853651928773,0.5029772900394204
197,0.83984375,0.8971601985374329,0.7450826121164438,0.74375,0.16510096239406438,0.49722525026747216
198,0.72890625,0.8106762253543487,0.6625,0.6625,0.21398856564733335,0.6123887885748115
199,0.63046875,0.7449649578433235,0.5908289241622575,0.590625,0.23954622014473437,0.6671906002903775
200,0.7734375,0.8647783361081246,0.7213622291021672,0.725,0.19499825583126473,0.5748854078834493
201,0.8445312500000001,0.901516891202232,0.7866877345447363,0.784375,0.16448522783881908,0.49719689494048386
202,0.68125,0.7993887645364521,0.634375,0.634375,0.22546180790297995,0.6403652048799849
203,0.79921875,0.8698140495332715,0.7069199457259159,0.709375,0.1781953521404371,0.5291738422363531
204,0.84921875,0.8983208417672898,0.7896786757546251,0.790625,0.16552653587170832,0.49859918793223923
205,0.675,0.8046990403217787,0.6656346749226006,0.66875,0.2271216021415952,0.6448794284776258
206,0.834375,0.8988279464633858,0.7401764234161989,0.7375,0.16880606804192227,0.5027598986246554
207,0.8265625,0.8733273420246527,0.7241379310344828,0.721875,0.17225343923932923,0.5124260665204209
208,0.7671874999999999,0.8578265539617713,0.7482517482517483,0.75,0.19714880379632843,0.5726076506374517
209,0.75,0.8327791652853055,0.6370235934664247,0.6375,0.2080362285721828,0.6014951751172392
210,0.76796875,0.8252849861080315,0.669790628115653,0.66875,0.19004140474065612,0.5519277201673941
211,0.74609375,0.8103072610870752,0.669790628115653,0.66875,0.20004149831813214,0.5749295880095884
212,0.58984375,0.7202094220735532,0.5244755244755245,0.525,0.2724956796423943,0.7513912480737877
213,0.8250000000000001,0.8913742357307275,0.6688963210702341,0.671875,0.17441032523992844,0.5138790763999039
214,0.8859375,0.9289505048087086,0.8177215189873418,0.81875,0.147817064048313,0.4602387024159636
215,0.8609374999999999,0.8887239204026867,0.7846460618145563,0.78125,0.162451058224789,0.49371683628864044
216,0.8609375,0.907563795786667,0.7866877345447363,0.784375,0.159890823192072,0.4871744692155414
217,0.81328125,0.8604966289412761,0.7770897832817337,0.78125,0.18646993713955548,0.5540763988908772
218,0.8414062500000001,0.8870655881267133,0.7883597883597884,0.7875,0.17176366511171712,0.5162837470436696
219,0.790625,0.8514586587465223,0.7202797202797203,0.721875,0.18654526009453176,0.5523594434422738
220,0.7265625000000001,0.8254741678038866,0.6285714285714286,0.628125,0.20438346874279023,0.5855403252875774
221,0.7374999999999999,0.81827901892158,0.6754850088183422,0.675,0.20373687771841098,0.5828374322790234
222,0.7421875,0.824887254487074,0.7037037037037037,0.703125,0.20372833301098858,0.5875234726845466
223,0.803125,0.8635550522411184,0.7601410934744268,0.759375,0.18262189549723912,0.5424246948475164
224,0.7492187500000002,0.8258919172783654,0.6729211929685956,0.671875,0.20437586947367087,0.5906841352043415
225,0.75625,0.8051902966680459,0.7013628283626308,0.7,0.19662476486986627,0.5696451636177994
226,0.83984375,0.8866961551532497,0.7401764234161989,0.7375,0.1711980792622711,0.5114469763256069
227,0.78125,0.8413057589703408,0.7202797202797203,0.721875,0.19015878419452403,0.55775828461769
228,0.8226562500000001,0.8837434301825765,0.7401764234161989,0.7375,0.17943426791551284,0.5309684190130279
229,0.76640625,0.8490126792036525,0.6790075596045746,0.68125,0.1912894746304811,0.5610799597149387
230,0.72265625,0.8209722477675613,0.634375,0.634375,0.21163407690089875,0.6067245816316106
231,0.85390625,0.8991423413681003,0.7866877345447363,0.784375,0.16260153118849702,0.493665115395844
232,0.8171875,0.8716661935867397,0.6985044865403789,0.696875,0.17720619220364262,0.5224924158424659
233,0.6546875,0.7646676641336574,0.559154651392455,0.559375,0.23956101892425222,0.6713143826893072
234,0.6609375,0.7865278745726754,0.634375,0.634375,0.2357392891877492,0.6647881049107257
235,0.7765625000000002,0.8469493291510233,0.6790075596045746,0.68125,0.1904752584909581,0.5519526965608464
236,0.77734375,0.8536092986927326,0.7335929892891919,0.734375,0.19322318950906414,0.5576589473643756
237,0.73046875,0.8190222894796417,0.6535685645549318,0.653125,0.20822380605836213,0.5938352808703582
238,0.7992187500000001,0.8767519026572702,0.6535685645549318,0.653125,0.18330983327407843,0.5379652478543908
239,0.82265625,0.8728837095498138,0.7272183449651046,0.725,0.17594151125222368,0.5249138053493441
240,0.8046875,0.8615781666336443,0.7272183449651046,0.725,0.17956163449962506,0.529824270778436
241,0.7828125,0.8446575076994602,0.7167584579071598,0.715625,0.18805143948356398,0.5554550448627141
242,0.73515625,0.8182182616945939,0.6884343036978757,0.6875,0.2054219182481823,0.5876723046104414
243,0.76640625,0.8539062451938396,0.6923076923076923,0.69375,0.18872767168292948,0.5492932902072512
244,0.7625,0.8262448941446534,0.7167584579071598,0.715625,0.20102296315703147,0.5853896303050299
245,0.796875,0.8460743003138674,0.7714285714285714,0.76875,0.19005547090071526,0.5568728573574676
246,0.7203125,0.8220857712295361,0.6317859952793077,0.63125,0.20939299605950237,0.5986061131360069
247,0.7687499999999999,0.8568277753469924,0.6754850088183422,0.675,0.19291091542142272,0.5615696687032511
248,0.80390625,0.8625434077077455,0.6884343036978757,0.6875,0.18503213581041067,0.5376899580687979
249,0.78359375,0.8488722726606793,0.6985044865403789,0.696875,0.19318907193816204,0.5605092198017138
250,0.71796875,0.8048491486969096,0.6444795575745605,0.64375,0.20994369116198588,0.5993828410771784
251,0.8250000000000001,0.878303762971434,0.7241379310344828,0.721875,0.17305781870976794,0.5148968823338804
252,0.8749999999999999,0.9108395679235355,0.7793667007150153,0.775,0.16625130711792732,0.5056064974106159
253,0.8515625000000001,0.9033285155847925,0.7601410934744268,0.759375,0.15779741086943427,0.4841186432577788
254,0.76953125,0.8606167106443847,0.75,0.759375,0.18582489340596176,0.5483929627211572
255,0.753125,0.8110976910159404,0.6824378508420208,0.68125,0.19606702672700516,0.5646654574127847
256,0.790625,0.8609209725118702,0.6942084942084943,0.7,0.18668092669441336,0.5469700312894896
257,0.7359375,0.8301797037898894,0.6857142857142857,0.684375,0.21499726331874647,0.6120456709076763
258,0.8539062500000001,0.8957658579558918,0.7883597883597884,0.7875,0.15907514040678553,0.4824709681154549
259,0.7460937499999999,0.8417533452121865,0.7055501460564753,0.70625,0.20003333549970811,0.5756829861168071
260,0.77578125,0.8351334873055066,0.7298044637566661,0.728125,0.19320524911429957,0.5611845321931389
261,0.79296875,0.8569885457995446,0.6985044865403789,0.696875,0.18849570117087452,0.5520047747305635
262,0.8179687499999999,0.8702306079406528,0.7762237762237763,0.778125,0.1808784240567841,0.5347861703042742
263,0.75859375,0.8472621834272515,0.7055501460564753,0.70625,0.2033080857470225,0.5902885359861503
264,0.67578125,0.7836044181875602,0.6571428571428571,0.65625,0.2359946302667138,0.6729847488023956
265,0.7765625,0.8519776702848781,0.6785714285714286,0.678125,0.18677776595269152,0.5463525531981569
266,0.8929687500000001,0.924722080550239,0.7762237762237763,0.778125,0.145421396020597,0.4549314142005326
267,0.74765625,0.833767126290273,0.6985044865403789,0.696875,0.2003185980171052,0.5797290230434926
268,0.78359375,0.8390254213530125,0.7601410934744268,0.759375,0.19548240119865698,0.5709397255331782
269,0.7835937500000001,0.8515061899449463,0.690625,0.690625,0.18868282223342078,0.5495276970847927
270,0.78984375,0.867925226370559,0.6857142857142857,0.684375,0.18870647824657885,0.5526404192311538
271,0.7320312499999999,0.8165609037743878,0.6754850088183422,0.675,0.211265905419826,0.6067885495132668
272,0.803125,0.8598628662496998,0.6985044865403789,0.696875,0.18294706274149178,0.535157528291124
273,0.8062499999999999,0.8609284671195324,0.7582460991507012,0.75625,0.17770053834915192,0.5287204752638515
274,0.8039062499999999,0.8635310929738491,0.746875,0.746875,0.18128171219731973,0.5319306958835446
275,0.7695312499999999,0.8375178741044551,0.7428571428571429,0.740625,0.20259628811039435,0.5858832850503787
276,0.721875,0.7844649950728938,0.7069199457259159,0.709375,0.21965020850783212,0.6311228708837545
277,0.7234375,0.8092159514964372,0.5836490528414755,0.584375,0.20026989394809322,0.5736690730601005
278,0.80703125,0.8767122646713418,0.746875,0.746875,0.17389293650823376,0.5178966986747294
279,0.8132812500000001,0.876970298148783,0.7272183449651046,0.725,0.18567354129101543,0.544493399412069
280,0.8625,0.9066291333611248,0.7559322033898306,0.753125,0.15906605650374217,0.4808567762619419
281,0.84765625,0.9063892050383834,0.8328173374613003,0.8375,0.15700956649282993,0.484504255890925
282,0.91171875,0.9403792413349499,0.8611111111111112,0.871875,0.13722229550463477,0.42813551674561723
283,0.78515625,0.8543757817569176,0.7319223985890653,0.73125,0.18618713689673538,0.5438712463328309
284,0.81875,0.8619586366706986,0.7298044637566661,0.728125,0.17408945068538204,0.5195121571969823
285,0.79296875,0.8486425294109261,0.7582460991507012,0.75625,0.18682286015139404,0.5519854250918779
286,0.8031250000000001,0.8764697008505503,0.7298044637566661,0.728125,0.1845229649092074,0.5459057159039246
287,0.8234374999999999,0.8872726558348248,0.7492260061919505,0.753125,0.17259649021941936,0.5184863778634848
288,0.82109375,0.872087195159728,0.7450826121164438,0.74375,0.18090215837182538,0.5366904915263484
289,0.8328125,0.898708389779234,0.7883597883597884,0.7875,0.16783133793909066,0.5073490481785672
290,0.846875,0.8953148259459289,0.7896786757546251,0.790625,0.1643920204433712,0.500309346273416
291,0.74375,0.8395404264038138,0.7492260061919505,0.753125,0.20561113129211153,0.601729780758441
292,0.84375,0.8830795557642799,0.7896786757546251,0.790625,0.16725397932972258,0.5018263857312638
293,0.7867187500000001,0.8758294069646159,0.71875,0.71875,0.18450211995887017,0.5425828271691773
294,0.6734374999999999,0.7733729105576725,0.6190476190476191,0.61875,0.23603990428261293,0.6638099796097614
295,0.7609375,0.8280295373693971,0.7167584579071598,0.715625,0.19287210053246756,0.5603862927006578
296,0.8296874999999999,0.8772127599564625,0.804953560371517,0.809375,0.1730885287490479,0.5200647166650086
297,0.76484375,0.8467090175462111,0.6660617059891107,0.665625,0.20104653096075742,0.5814000256872534
298,0.81484375,0.877392678334285,0.7298044637566661,0.728125,0.17281843057562718,0.5146107285230159
299,0.7734375,0.8470851768897087,0.6857142857142857,0.684375,0.19192311839736018,0.5539239043060782
300,0.8578125,0.9083146869151877,0.7401764234161989,0.7375,0.15303447536640483,0.4668919199241063
301,0.7640625,0.8447991100588117,0.7356521739130435,0.740625,0.19332567108262635,0.5604322237413353
302,0.7875,0.8448742804204208,0.7428571428571429,0.740625,0.19572974283313282,0.5720216073096086
303,0.9093749999999999,0.9379492076217282,0.7499489274770174,0.746875,0.14013951816036846,0.43604401052711395
304,0.7375,0.8283447524146331,0.634375,0.634375,0.20580668123819357,0.5939725177853794
305,0.7445312500000001,0.8027512803915108,0.7450826121164438,0.74375,0.21403970187765933,0.6199735585167017
306,0.7078125,0.8041859335253324,0.6601101494885917,0.659375,0.2147670112180269,0.615996324461406
307,0.81875,0.8767216282190735,0.7401764234161989,0.7375,0.1668995429293897,0.4989577865299665
308,0.75625,0.8223451862780805,0.7319223985890653,0.73125,0.1990066584616685,0.5831201860237241
309,0.8374999999999999,0.8938962657674586,0.7776061776061776,0.790625,0.1644476049156186,0.4949424788179764
310,0.8109375,0.8618883630627104,0.7559322033898306,0.753125,0.18153816632946645,0.5390679777357554
311,0.753125,0.8395157751127756,0.6934984520123839,0.696875,0.20453941724099478,0.5885606849028595
312,0.7617187499999999,0.823741151824535,0.6923076923076923,0.69375,0.20354683489759184,0.5895596268213313
313,0.78515625,0.8710893460743764,0.7616358325219085,0.7625,0.19512584881874198,0.5778155915313045
314,0.7570312499999999,0.8403706077654077,0.6884343036978757,0.6875,0.1961312310219126,0.5697063172811858
315,0.85078125,0.8987570980525423,0.775,0.775,0.16214992898084338,0.49031287531950846
316,0.75859375,0.8320623864545795,0.6857142857142857,0.684375,0.1935171873649393,0.5597433735700954
317,0.771875,0.8404522617038405,0.7319223985890653,0.73125,0.19537714164309686,0.5714957350546408
318,0.7734375,0.834788098051011,0.7113071371291099,0.709375,0.1829676017401426,0.5368281395915904
319,0.7984374999999999,0.8624315333896917,0.71875,0.71875,0.1807938301115391,0.533928498680139
320,0.83203125,0.8806953809521,0.7582460991507012,0.75625,0.17150590564785104,0.5110463258539327
321,0.7203125,0.8193358620380424,0.6285714285714286,0.628125,0.2152211686769419,0.6095119795641667
322,0.73515625,0.8228998496948088,0.6942084942084943,0.7,0.20377331627190126,0.5850918920037985
323,0.8382812499999999,0.891008644382046,0.7690457097032879,0.765625,0.1700986492607105,0.5065111639739378
324,0.6984375,0.7913165773561406,0.6510951734832332,0.653125,0.21787414616921727,0.6172421592916734
325,0.7312500000000001,0.8290015460051399,0.6571428571428571,0.65625,0.21038907887485603,0.607303063710324
326,0.7546875000000001,0.8088923634377051,0.6950998185117967,0.69375,0.19925540208355605,0.5765580858740145
327,0.81640625,0.8905582194757488,0.6444444444444444,0.646875,0.1804965881811479,0.5277611460026481
328,0.84296875,0.8873939285687227,0.71875,0.71875,0.1658892522874638,0.49683248206710534
329,0.80546875,0.8596498569418628,0.7482517482517483,0.75,0.17813151113700443,0.5258945644777197
330,0.75546875,0.8486119145661889,0.6625,0.6625,0.1932323762532653,0.5548821039763219
331,0.7882812499999999,0.8412374102047501,0.690625,0.690625,0.18888895544409318,0.5561188597021384
332,0.8546875,0.8952476916400829,0.7450826121164438,0.74375,0.15624940767469722,0.4719375307714206
333,0.72265625,0.7993828524969369,0.6942084942084943,0.7,0.22324208410573312,0.6374026712743427
334,0.85546875,0.9007312384667442,0.7822141560798548,0.778125,0.16289137379329777,0.4913354000792283
335,0.8375000000000001,0.8884545757179929,0.7401764234161989,0.7375,0.16819985064107895,0.498874612775237
336,0.8234374999999999,0.8772890120140666,0.7616358325219085,0.7625,0.17510402683581766,0.5264217367644306
337,0.7554687499999999,0.814740084140198,0.7202797202797203,0.721875,0.20562397882528788,0.5976536250238582
338,0.89296875,0.9242620837781715,0.8151293699387715,0.8125,0.13600440586477283,0.4303287405122905
339,0.79453125,0.8633047912437941,0.7335929892891919,0.734375,0.19259670686177055,0.5638603828304942
340,0.7265625,0.8090942858574578,0.6729211929685956,0.671875,0.21235576663812383,0.6100825619747519
341,0.7570312500000002,0.8322941925967252,0.7167584579071598,0.715625,0.2045258451174076,0.5894792547033317
342,0.7421874999999999,0.8084069401332483,0.6923076923076923,0.69375,0.2038260170227133,0.5862338302725578
343,0.8828125,0.9162836999124871,0.8,0.796875,0.1538718486654923,0.47536259687700316
344,0.78671875,0.854030643616549,0.6934984520123839,0.696875,0.18641331408312128,0.5450357812991365
345,0.7367187499999999,0.8150799412952915,0.6535685645549318,0.653125,0.2073833427900676,0.5944249168342488
346,0.7382812499999999,0.8263301673865852,0.6775073028237586,0.678125,0.2065528070255687,0.5967369413320167
347,0.78671875,0.8585344671691786,0.7348323318472572,0.7375,0.18640135850436731,0.5486033996670392
348,0.7632812499999999,0.8230997563008606,0.7360601967972217,0.74375,0.20967146315240115,0.6088250587934927
349,0.81171875,0.8474431737321529,0.7531760435571688,0.75,0.18754039601603395,0.5564316483953624
350,0.871875,0.9211502037358383,0.8285714285714285,0.825,0.16084225653679443,0.49317014495339034
351,0.7609375,0.8178363359677306,0.6601101494885917,0.659375,0.19455066916452696,0.5668187964308754
352,0.87890625,0.9184819472908536,0.7866877345447363,0.784375,0.15153633773836267,0.46978116580362667
353,0.72109375,0.8129307467419103,0.6857142857142857,0.684375,0.21546254377465382,0.6140516221662424
354,0.7171875000000001,0.8221704608286997,0.6601101494885917,0.659375,0.21791145839483905,0.617941942405205
355,0.8015625,0.8684124465740701,0.7013628283626308,0.7,0.17843106165928746,0.5243161375431947
356,0.7906250000000001,0.8602787465943165,0.7037037037037037,0.703125,0.18836794731231804,0.5541661651064868
357,0.7726562499999999,0.8443149216505691,0.6785714285714286,0.678125,0.19004864155434925,0.5560421033555852
358,0.74140625,0.8272906716490493,0.6799999999999999,0.684375,0.20328273290973647,0.5857165452227012
359,0.80546875,0.8604894567097437,0.7531760435571688,0.75,0.18309725383730988,0.54513230243955
360,0.7914062500000001,0.8497855722226018,0.7241379310344828,0.721875,0.18962072122519716,0.5544293081651401
361,0.7078125,0.8073180565083552,0.6656346749226006,0.66875,0.22473070533519138,0.6412924342788562
362,0.7937500000000001,0.8630763526246691,0.7013628283626308,0.7,0.18387837222287284,0.54068339917847
363,0.81796875,0.8772783516381117,0.7298044637566661,0.728125,0.17787409105109322,0.5223312821318762
364,0.8234375,0.8782325114330649,0.7450826121164438,0.74375,0.17289637897353616,0.5133068479441314
365,0.82421875,0.8676535215174781,0.7714285714285714,0.76875,0.18594718513326935,0.5512936766205099
366,0.78671875,0.8517695995336083,0.6985044865403789,0.696875,0.19019141593746974,0.5528850490640332
367,0.8796875000000001,0.9220582252472183,0.7896786757546251,0.790625,0.15110898760384078,0.46747642116786026
368,0.765625,0.8659796303571174,0.7037037037037037,0.703125,0.19959949053778508,0.5814267880604916
369,0.79140625,0.8705379910877844,0.746875,0.746875,0.1860482864449252,0.5464521104104721
370,0.76328125,0.8281578238030747,0.7482517482517483,0.75,0.20386137582015385,0.5922290424084098
371,0.7484375,0.840589813900677,0.7078260869565217,0.7125,0.198527939719958,0.578177696529459
372,0.7015625,0.8022820174612669,0.6729211929685956,0.671875,0.22598701253107928,0.6444910584932594
373,0.7960937499999999,0.8546985243318848,0.6857142857142857,0.684375,0.1792396895266341,0.5293017415134252
374,0.8257812499999999,0.8870970619002231,0.7634782608695652,0.76875,0.17333086179065285,0.5164924400102977
375,0.7359375,0.8143240745272318,0.6410767696909272,0.640625,0.19905775988956284,0.5722872801940692
376,0.77578125,0.8582415961584461,0.7202797202797203,0.721875,0.1915845155069723,0.5577808149554511
377,0.840625,0.8742986049010028,0.7582460991507012,0.75625,0.17059840754804284,0.5143014143727379
378,0.72734375,0.829594524265443,0.6656346749226006,0.66875,0.206916403011228,0.5969550519111101
379,0.85546875,0.9117806297301801,0.775,0.775,0.15855665514896328,0.4839614511090447
380,0.8515625,0.8928504774113559,0.7401764234161989,0.7375,0.15832470506280003,0.47661257409905544
381,0.7906249999999999,0.8540061679641361,0.7348323318472572,0.7375,0.190205762209298,0.5578921503361085
382,0.79296875,0.8450629131953165,0.7037037037037037,0.703125,0.18552318169355198,0.5421254910579121
383,0.7593749999999999,0.8320529262931369,0.7272183449651046,0.725,0.20774412209380472,0.6025952628889628
384,0.71015625,0.8042156703567712,0.669790628115653,0.66875,0.22015921289660023,0.6280470488917826
385,0.76875,0.8538827702208049,0.6884343036978757,0.6875,0.19314199648108318,0.5636920100838965
386,0.82109375,0.8937793151888224,0.7866877345447363,0.784375,0.1811890783239126,0.5382746048555407
387,0.8117187499999999,0.8685848184556463,0.7163591125855276,0.715625,0.17108329521277593,0.5121855417936813
388,0.81796875,0.8792214481408347,0.7714285714285714,0.76875,0.17652473222289064,0.5285580343445945
389,0.6976562500000001,0.8018803760549302,0.60625,0.60625,0.21956102454223655,0.6196535031060441
390,0.8359375,0.8760621167088558,0.7627447179685987,0.765625,0.1733863840334816,0.5186650166639155
391,0.83203125,0.8904808090845324,0.7142857142857142,0.7125,0.1697039342088906,0.5003874332125002
392,0.73515625,0.8313096235282402,0.6643356643356644,0.665625,0.20255954974252818,0.5835529661788906
393,0.73359375,0.8268124688165365,0.6790075596045746,0.68125,0.2118467257535075,0.6078205119417054
394,0.8625,0.9004059407033354,0.8017309205350118,0.8,0.16618852101084083,0.5066838178540954
395,0.8609375,0.9100739045030302,0.7896786757546251,0.790625,0.1583778630852788,0.481163805141289
396,0.82109375,0.8895483316475881,0.7113071371291099,0.709375,0.17440495439831608,0.5173663133635268
397,0.7578125,0.8368101251575054,0.6857142857142857,0.684375,0.19954476852469136,0.5751181241391443
398,0.78984375,0.8681496787257406,0.7037037037037037,0.703125,0.19074693996880912,0.555136305621566
399,0.7312500000000001,0.7968491345742126,0.7113071371291099,0.709375,0.21392004159929787,0.6170573249511428
400,0.73984375,0.8113399078038804,0.6857142857142857,0.684375,0.2076430072119619,0.595596795416423
401,0.8375,0.884851653448267,0.7734067663257278,0.771875,0.17450509166561906,0.5197435354500861
402,0.68671875,0.8048867472533316,0.6190476190476191,0.61875,0.2214930402934111,0.6229847350103804
403,0.8140625,0.8668196236318398,0.7428571428571429,0.740625,0.17839696695581134,0.5281852486997436
404,0.8421875000000001,0.8662871659186888,0.7896786757546251,0.790625,0.17540091204937586,0.5273630929914089
405,0.7453124999999999,0.8412411002644363,0.6857142857142857,0.684375,0.1991276827096113,0.5752941632678755
406,0.85859375,0.9062499997472178,0.7690457097032879,0.765625,0.1588028760720571,0.47989006654496635
407,0.9007812500000001,0.928038792186331,0.8133599202392822,0.809375,0.14868539113142293,0.45720706904889574
408,0.7890625,0.8552754267026763,0.7202797202797203,0.721875,0.18522385265634025,0.5431201281048246
409,0.74921875,0.815340999664947,0.6824378508420208,0.68125,0.19518526555506466,0.5636441646106314
410,0.865625,0.8932181835273129,0.7734067663257278,0.771875,0.1584632173054163,0.4856052792595368
411,0.7960937499999999,0.8613366351367145,0.7582460991507012,0.75625,0.1939536258770967,0.5691905878217871
412,0.7773437499999999,0.858122254105046,0.7272183449651046,0.725,0.19224350599640522,0.5584901925130682
413,0.7523437499999999,0.8282932784983982,0.669790628115653,0.66875,0.20148597853250994,0.581276795811535
414,0.82890625,0.8873032718863224,0.7762237762237763,0.778125,0.175954462524892,0.5297565580434108
415,0.8609375,0.9018457111382767,0.7846460618145563,0.78125,0.15556279558501937,0.471733264823472
416,0.65625,0.783137758511771,0.6190476190476191,0.61875,0.2446537393328326,0.6806567994194798
417,0.7703125,0.8482487212763272,0.7167584579071598,0.715625,0.1930904496931688,0.566888291468881
418,0.88046875,0.9086222720060027,0.8133599202392822,0.809375,0.16021820765406458,0.49149391153972605
419,0.79375,0.8721357440804094,0.690625,0.690625,0.18362262389123696,0.5443737742788843
420,0.7562500000000001,0.8519530606427107,0.6444795575745605,0.64375,0.19884511511522077,0.5764542194367118
421,0.8203125,0.8839120190869927,0.746875,0.746875,0.17180469575913604,0.5139478127400205
422,0.8406249999999998,0.8891918234667444,0.8041958041958042,0.80625,0.16808597387339175,0.5089803003101361
423,0.7968749999999999,0.8767610319632493,0.7883597883597884,0.7875,0.18031942519322167,0.5362775624002327
424,0.803125,0.8784453594916323,0.7298044637566661,0.728125,0.1830426476297045,0.5388255542968446
425,0.8742187499999999,0.9116851095981405,0.7866877345447363,0.784375,0.1512184279264354,0.4636020785288143
426,0.8046875,0.8759482259079404,0.7013628283626308,0.7,0.18041840967627445,0.5319693638271561
427,0.7203125,0.8128871680811487,0.7013628283626308,0.7,0.21809230648237643,0.625557597071905
428,0.7062499999999998,0.8134289269802829,0.6444795575745605,0.64375,0.218904368043717,0.6239376061219026
429,0.8640625,0.9176840381531386,0.7883597883597884,0.7875,0.15870200583605137,0.4857440363430316
430,0.8328125,0.8861463812370063,0.7335929892891919,0.734375,0.16770466646210458,0.500261317965949
431,0.675,0.7807864326305511,0.6370235934664247,0.6375,0.22885697669997304,0.6437623380305078
432,0.840625,0.9006533282978314,0.7714285714285714,0.76875,0.1685058299915526,0.5062690973026077
433,0.703125,0.8058147516400102,0.5616883116883117,0.565625,0.2171156710031194,0.6153603684059898
434,0.85546875,0.8839553154255195,0.7866877345447363,0.784375,0.1711880177175974,0.5167046065716012
435,0.7234375,0.8089386321816795,0.6666666666666666,0.675,0.21332296798915554,0.6068167939497618
436,0.7742187500000001,0.8395059571390251,0.7272183449651046,0.725,0.18554850553060237,0.5394466437207794
437,0.6648437500000001,0.7800216953122903,0.6243478260869566,0.628125,0.23802766260119906,0.6710124462721644
438,0.815625,0.8842403385402868,0.7601410934744268,0.759375,0.1774195879905107,0.5317794162699667
439,0.8125,0.8795504100277135,0.7616358325219085,0.7625,0.180102732794272,0.5413616033951918
440,0.7484375,0.8341185484524544,0.6884343036978757,0.6875,0.20890478442174978,0.6027811174311057
441,0.7679687500000001,0.8392156486321418,0.6950998185117967,0.69375,0.1992631624286611,0.5761658548066408
442,0.79765625,0.8587795832932225,0.7883597883597884,0.7875,0.18953619590400314,0.5593762285194399
443,0.7679687500000001,0.8322982037598741,0.7013628283626308,0.7,0.19357167313562262,0.5622257188622144
444,0.76796875,0.8507481381978439,0.6494644595910419,0.65,0.19084568172818558,0.553821409732172
445,0.71875,0.8035810653352013,0.6370235934664247,0.6375,0.2131814718371513,0.605412061030821
446,0.79296875,0.8580611914256938,0.7272183449651046,0.725,0.18785044223489378,0.5518383720857786
447,0.8390625,0.8926589143670866,0.7482517482517483,0.75,0.1692329449723159,0.5031509006482238
448,0.70625,0.8142760416363071,0.6201298701298701,0.621875,0.22294446614371535,0.6314946638251353
449,0.778125,0.8478542555619409,0.71875,0.71875,0.19358026761702052,0.5651800849856834
450,0.76484375,0.8637946203935908,0.6775073028237586,0.678125,0.1911801896298037,0.5603202352843717
451,0.8554687499999999,0.9108484917794015,0.791304347826087,0.796875,0.16753988378306048,0.5123244996942893
452,0.69375,0.7890191671600358,0.6527107852595022,0.659375,0.22377315557743005,0.6397581599238729
453,0.78515625,0.8590320990735671,0.6625,0.6625,0.1884972142893166,0.5548804468601545
454,0.78046875,0.8546232394986493,0.7450826121164438,0.74375,0.18976378383215364,0.5603105758061778
455,0.75546875,0.825903904670314,0.6785714285714286,0.678125,0.19745802237765364,0.5723874421573328
456,0.75625,0.839946449178788,0.7142857142857142,0.7125,0.20955951219911365,0.6055276283074476
457,0.815625,0.8733397909789862,0.7762237762237763,0.778125,0.18046981553240904,0.5377438653264562
458,0.76171875,0.8290098199090256,0.7272183449651046,0.725,0.19335351622689145,0.5678972883274707
459,0.8195312499999999,0.864089467861548,0.7690457097032879,0.765625,0.17403915556252766,0.5176817958167076
460,0.7296875,0.8330007032814272,0.6729211929685956,0.671875,0.2115667607380358,0.6097610314821651
461,0.80859375,0.8819256934248039,0.7450826121164438,0.74375,0.17664553701125957,0.521208348094251
462,0.7703125,0.8333579440077262,0.7348323318472572,0.7375,0.19471818487315407,0.5645282900967196
463,0.7140625,0.8124103782317246,0.6034618410700237,0.603125,0.22331565028388653,0.6296989136975154
464,0.7484375,0.8374280985948807,0.6317859952793077,0.63125,0.19750969147062614,0.568379735902951
465,0.77578125,0.8648093073799776,0.6754850088183422,0.675,0.19215921157929505,0.5562248272636011
466,0.7164062499999999,0.8126067989259278,0.6285714285714286,0.628125,0.2097655287036756,0.5994557555046546
467,0.75,0.8507255465696817,0.6601101494885917,0.659375,0.20143154034652921,0.584931242903482
468,0.76484375,0.8394405387104059,0.6625,0.6625,0.1992820629465382,0.5780872303989251
469,0.8640625,0.91866988851968,0.8017309205350118,0.8,0.15481965827687857,0.47633263134184006
470,0.7742187500000002,0.8596309102012971,0.6571428571428571,0.65625,0.19588420345509544,0.5637658552281755
471,0.8515625000000001,0.9003095876043791,0.7883597883597884,0.7875,0.1596008270576705,0.4821255161300599
472,0.8054687499999998,0.8739588047811321,0.7559322033898306,0.753125,0.17789188085023244,0.5279345346583005
473,0.7921875,0.8611753104465926,0.7450826121164438,0.74375,0.1876344960811992,0.5498808304676365
474,0.684375,0.791603241723047,0.6625,0.6625,0.22833789225048268,0.6448506253501615
475,0.8765625,0.9091080101569895,0.7734067663257278,0.771875,0.14909013565036716,0.46014913761717197
476,0.8062499999999999,0.852274935409747,0.7319223985890653,0.73125,0.1799840681004715,0.5308923426593677
477,0.78828125,0.8653717609857575,0.7896786757546251,0.790625,0.19361508781488976,0.5687240256620653
478,0.89765625,0.9278546709423656,0.8151293699387715,0.8125,0.14769469116014097,0.46103222892474094
479,0.7843749999999999,0.8536987789568878,0.7428571428571429,0.740625,0.18293237265672924,0.5412205168909493
480,0.6304687499999999,0.7683598863440779,0.583011583011583,0.5875,0.23580523853679847,0.6601920048898497
481,0.84140625,0.8972843278320948,0.7866877345447363,0.784375,0.16768241968046743,0.5047332774166647
482,0.7914062500000001,0.8567500529821045,0.7450826121164438,0.74375,0.19610089091939464,0.5730656614784597
483,0.6875,0.768058350367393,0.6494644595910419,0.65,0.2259761774375513,0.637452260936805
484,0.8125,0.885318499265762,0.7113071371291099,0.709375,0.176017433593457,0.5220004467463666
485,0.7234375000000001,0.8159483436004901,0.6601101494885917,0.659375,0.2211177104872059,0.629311569682305
486,0.84375,0.8844883759134332,0.8133599202392822,0.809375,0.17130727843978208,0.520118168374616
487,0.8140625,0.8816164546163957,0.7335929892891919,0.734375,0.1693929703440585,0.5038715114080925
488,0.7953125,0.8491451554769884,0.7601410934744268,0.759375,0.19047355547710454,0.5614483228753779
489,0.753125,0.8290120628408049,0.6214216163583253,0.621875,0.2007609039711094,0.5802027937581578
490,0.8226562500000001,0.8718122448491391,0.7559322033898306,0.753125,0.18565951711715822,0.5514283860845435
491,0.76953125,0.8510078247046919,0.6370235934664247,0.6375,0.19278069848470036,0.5593035296580346
492,0.7734374999999999,0.8350305773201466,0.746875,0.746875,0.1958030069046541,0.5701926730974596
493,0.746875,0.8384119336526917,0.6535685645549318,0.653125,0.20492275468817645,0.5908349675688245
494,0.81953125,0.8896957352876919,0.7634782608695652,0.76875,0.173316524406987,0.5166969772275811
495,0.7648437499999999,0.8397306343780567,0.6950998185117967,0.69375,0.20011605935213816,0.5789119897842334
496,0.8335937499999999,0.8945339625315892,0.7163591125855276,0.715625,0.17593589185388228,0.5239448025309557
497,0.75234375,0.8438825324165401,0.6824378508420208,0.68125,0.19795664541690858,0.5726640403542382
498,0.734375,0.8273563909777837,0.6246992782678429,0.625,0.21099406301625834,0.6044830343862312
499,0.8,0.8482283654668193,0.7582460991507012,0.75625,0.18918408109872098,0.5599476978530156
500,0.696875,0.7893340266811869,0.6285714285714286,0.628125,0.22835552698949257,0.6513792714306866
501,0.86796875,0.9043037770409389,0.8185694902112812,0.821875,0.15738811405100406,0.4851575324250488
502,0.8046875000000001,0.8723274751691764,0.7037037037037037,0.703125,0.19271969868496774,0.5622772536801645
503,0.7929687500000001,0.8556848801170495,0.6660617059891107,0.665625,0.18632732674399607,0.5453734023607223
504,0.8500000000000001,0.890044162668709,0.8017309205350118,0.8,0.1628388094611549,0.49824593804760486
505,0.78046875,0.8404708735533571,0.6322778345250255,0.634375,0.19631442112579914,0.5681858964257944
506,0.8062499999999999,0.865874357069072,0.7559322033898306,0.753125,0.17913675119391181,0.5238089830294854
507,0.8093750000000001,0.8652724613181635,0.7616358325219085,0.7625,0.1789397355196532,0.5289429310856594
508,0.7609374999999999,0.8416282824896006,0.6754850088183422,0.675,0.19571361013424438,0.5663359832866678
509,0.69765625,0.7868885864938554,0.6664092664092665,0.671875,0.23007237386613877,0.6539311762330359
510,0.7875,0.8672870058484798,0.7319223985890653,0.73125,0.18071399876900013,0.5347925508792054
511,0.7203125,0.8015984942157173,0.6625,0.6625,0.21761408998485499,0.6227802350617324
512,0.78828125,0.8505476022570181,0.7167584579071598,0.715625,0.18487975290259084,0.542574827712421
513,0.79921875,0.8683293235474596,0.6950998185117967,0.69375,0.18402641336321135,0.5392018957487907
514,0.8265625000000001,0.887518813497987,0.7450826121164438,0.74375,0.166330361816819,0.49892994141127933
515,0.8374999999999999,0.866605013802591,0.8087844739530132,0.803125,0.17441045720379947,0.5255576863769106
516,0.7671875,0.8539368570993638,0.7167584579071598,0.715625,0.19845172678083073,0.5756347197674032
517,0.8546874999999999,0.9066433753687316,0.7272183449651046,0.725,0.1647583393579316,0.4942617661020474
518,0.7124999999999999,0.7961589172134322,0.6643356643356644,0.665625,0.2103010389029169,0.6015359091800627
519,0.8515624999999999,0.8988824445517271,0.7482517482517483,0.75,0.16381940007445586,0.4941984160738851
520,0.7453125,0.8031220182831788,0.7335929892891919,0.734375,0.20751310783542787,0.5985955033678612
521,0.8226562500000001,0.8718845190098561,0.7428571428571429,0.740625,0.1774805892632116,0.5305369904037618
522,0.809375,0.8789060216800217,0.7319223985890653,0.73125,0.17939652027876796,0.5295619310024708
523,0.76015625,0.844773357603192,0.6985044865403789,0.696875,0.20493554426441266,0.5908717353711812
524,0.68828125,0.8057951872816029,0.6643356643356644,0.665625,0.2223224264203424,0.6276130123088043
525,0.83515625,0.8805944975640199,0.7335929892891919,0.734375,0.1653330824744044,0.4950931072513522
526,0.8546874999999998,0.9092493144818492,0.7559322033898306,0.753125,0.1672640238493915,0.5088258241086359
527,0.76171875,0.8517543166347703,0.6535685645549318,0.653125,0.1928095758924531,0.5592129881571947
528,0.8164062499999999,0.8755568036592616,0.7167584579071598,0.715625,0.17537820259839543,0.521774551147582
529,0.7843749999999999,0.8469137940466601,0.6857142857142857,0.684375,0.18990490774977273,0.5566399968489598
530,0.85234375,0.8965343467947243,0.803125,0.803125,0.16126766322295907,0.4891448848749589
531,0.8351562499999999,0.8933857858687582,0.6865021770682148,0.6875,0.1766650656556884,0.5196949631310015
532,0.89140625,0.9161912456320793,0.8177215189873418,0.81875,0.15366815531831893,0.4703010019058637
533,0.7359375,0.8204743617072325,0.6601101494885917,0.659375,0.19966095846517376,0.5736168921708181
534,0.8484375,0.8952207574724053,0.7734067663257278,0.771875,0.16362718517891173,0.49411363918404977
535,0.7499999999999999,0.8449565888926177,0.7348323318472572,0.7375,0.1951526449273206,0.566318453926988
536,0.91953125,0.9453759254364192,0.7846460618145563,0.78125,0.12468690278839384,0.3970521656497342
537,0.7421875,0.844117017908665,0.690625,0.690625,0.21094080827913878,0.6109281182406753
538,0.7171875,0.8062527277118003,0.6775073028237586,0.678125,0.21947719782598113,0.6286774088325586
539,0.7234375000000001,0.794639726393381,0.6729211929685956,0.671875,0.21688952037848958,0.6218230897374646
540,0.74296875,0.8112843682734184,0.6370235934664247,0.6375,0.2022537147236538,0.5818870548803118
541,0.85234375,0.909419925410474,0.7319223985890653,0.73125,0.16450410445259336,0.49954536417052
542,0.80703125,0.859942107532926,0.746875,0.746875,0.18327892818700142,0.5387502121067483
543,0.8484375000000001,0.9001849166566348,0.8017309205350118,0.8,0.1659145400051324,0.5001408840433015
544,0.8375,0.8886650321376784,0.804953560371517,0.809375,0.18130620419762464,0.5417101201247275
545,0.796875,0.8609317547436288,0.7241379310344828,0.721875,0.18976674544228916,0.5520570724328516
546,0.753125,0.8383749772991763,0.6775073028237586,0.678125,0.2033516528287629,0.5863929761198002
547,0.7828125,0.862526042401412,0.6884343036978757,0.6875,0.1913907958268881,0.5496334711201796
548,0.8500000000000001,0.9060747753754993,0.775,0.775,0.15744889365957723,0.47739564123271705
549,0.80234375,0.868540291249496,0.7627447179685987,0.765625,0.17885487036113148,0.5344948990557309
550,0.7820312500000001,0.8530366271092961,0.6857142857142857,0.684375,0.1797526146528644,0.5272821237329842
551,0.86875,0.9164496475862064,0.7846460618145563,0.78125,0.1518921668542436,0.46465373843123636
552,0.7625,0.8435208695127177,0.6754850088183422,0.675,0.19865221434229186,0.57545580376358
553,0.865625,0.9151428233201526,0.7690457097032879,0.765625,0.1530220275889064,0.4703924981945029
554,0.834375,0.8917939795114045,0.7113071371291099,0.709375,0.16669914464007435,0.49971686234316437
555,0.7632812500000001,0.8418269592400047,0.6754850088183422,0.675,0.19289921242043495,0.5662366618351725
556,0.8765625,0.9130943257143818,0.7979149959903769,0.79375,0.15635171763287525,0.48061682028087915
557,0.64296875,0.7727085438363949,0.6214216163583253,0.621875,0.2393839237813962,0.6668630857633916
558,0.85625,0.911029342490325,0.7319223985890653,0.73125,0.15451671726002836,0.47465087641803877
559,0.7875,0.8503656979903356,0.7167584579071598,0.715625,0.1992632468498777,0.5780923127833021
560,0.76171875,0.831018685698658,0.6729211929685956,0.671875,0.2014452471185506,0.5806315581794981
561,0.7812500000000001,0.8429176829275573,0.7627447179685987,0.765625,0.19327755417439052,0.5687511349112887
562,0.878125,0.9275554023676666,0.775,0.775,0.14933241642099537,0.46153068622721233
563,0.9031250000000001,0.9398583422123392,0.8,0.796875,0.13895517277581318,0.43483079332758784
564,0.7078125,0.7950357168585072,0.6410767696909272,0.640625,0.22094202458443923,0.6285096524970116
565,0.7765625,0.8512883600704745,0.7319223985890653,0.73125,0.19708461166988325,0.5798272895406482
566,0.70390625,0.7952261604386721,0.6083916083916084,0.609375,0.21386737408348663,0.6048553592290904
567,0.7421875,0.8309752810269923,0.6660617059891107,0.665625,0.2142370322281797,0.612936961617112
568,0.825,0.8703652059624845,0.7531760435571688,0.75,0.17394792702104472,0.5206833249518061
569,0.7859375,0.8532363295554619,0.7013628283626308,0.7,0.1828004671061387,0.5345471484696108
570,0.8359375,0.9033274108529855,0.6985044865403789,0.696875,0.17047785064909277,0.5051236458665204
571,0.73671875,0.8119037785072788,0.6363636363636364,0.6375,0.20466683777628258,0.5871721887904587
572,0.73984375,0.8356393433669044,0.7055501460564753,0.70625,0.20928754380453302,0.6027433210364771
573,0.8296875,0.8854147099338614,0.6785714285714286,0.678125,0.1700898762468132,0.5055560331811093
574,0.80234375,0.8545285868748571,0.6884343036978757,0.6875,0.18463113018162247,0.5443859408465838
575,0.7679687500000001,0.8337352418661816,0.690625,0.690625,0.18988524178938015,0.5519982083287222
576,0.7890625,0.8522599406158047,0.7202797202797203,0.721875,0.18736556872038224,0.546584396304881
577,0.66484375,0.7917611215014582,0.5670744349989634,0.575,0.23379242104977893,0.6526262648701123
578,0.7398437499999999,0.8173692227685321,0.6521739130434783,0.65625,0.20701198566171206,0.5917691980084683
579,0.7390625,0.820486878117984,0.6190476190476191,0.61875,0.2126298571318666,0.6070463981042434
580,0.8742187499999999,0.924255938871645,0.7883597883597884,0.7875,0.15637921846126268,0.473306635687121
581,0.7984374999999999,0.8515439756907799,0.7272183449651046,0.725,0.18396097076945106,0.5392679230578968
582,0.8296874999999998,0.8854319447750675,0.803125,0.803125,0.17534958716605167,0.5241529550141778
583,0.7609375000000002,0.8394346237061621,0.6934984520123839,0.696875,0.20112302615625566,0.581899920269579
584,0.9078125,0.9304377166570732,0.8457643622200585,0.846875,0.1419819243346622,0.4462206542027674
585,0.8265625,0.8800212925405528,0.7113071371291099,0.709375,0.16660851118836761,0.4983420290877325
586,0.7406250000000001,0.8382781387297308,0.6472663139329806,0.646875,0.20884218896454965,0.6023224635948538
587,0.78125,0.8592231884845529,0.7319223985890653,0.73125,0.19000291599444286,0.5565569864225481
588,0.83671875,0.895275056406206,0.775,0.775,0.16449559311990364,0.4984109359359581
589,0.7265625,0.8145603348688457,0.6201298701298701,0.621875,0.2113580063484118,0.6033657718889024
590,0.7828125,0.8493747366277156,0.7113071371291099,0.709375,0.19025230034182058,0.5581299471346548
591,0.8132812500000001,0.870929681346359,0.746875,0.746875,0.17559515680257204,0.5253670599375881
592,0.8359374999999999,0.8950485464832425,0.7906571040899399,0.79375,0.1683106470973475,0.5099596682693632
593,0.7515625,0.8386755725685102,0.6643356643356644,0.665625,0.20399480841630696,0.5898109748207693
594,0.81640625,0.8789105697367111,0.7492260061919505,0.753125,0.1756285705029834,0.5255294801598188
595,0.8101562499999999,0.8534330018729905,0.7298044637566661,0.728125,0.17443587773717895,0.5173160077781929
596,0.7390625,0.8339612877317796,0.6601101494885917,0.659375,0.20288627271047358,0.5839814102920222
597,0.78125,0.8568044402266872,0.6729211929685956,0.671875,0.18701164921879043,0.5504133661606879
598,0.7171875,0.7947453736653093,0.6472663139329806,0.646875,0.2145587400008635,0.6128147089284806
599,0.7171875000000001,0.7949945202493078,0.6934984520123839,0.696875,0.21657896331721027,0.6210665960625961
600,0.809375,0.8809377647441047,0.7113071371291099,0.709375,0.1783777505872422,0.522897158603038
601,0.71875,0.7948285666108854,0.6660617059891107,0.665625,0.21276322436524295,0.6047647424964899
602,0.84921875,0.8912194404427961,0.7714285714285714,0.76875,0.16311664710093485,0.49228933204236963
603,0.78359375,0.8329948005165108,0.6923076923076923,0.69375,0.19363293969667425,0.5668396986424435
604,0.81015625,0.8748854670748678,0.7142857142857142,0.7125,0.17847929936116744,0.5297683825574593
605,0.83203125,0.8868727398946524,0.6865021770682148,0.6875,0.17527540346213083,0.5159271221672275
606,0.73046875,0.803763185050395,0.6601101494885917,0.659375,0.2139279208244314,0.6114739030076621
607,0.653125,0.7577919229978393,0.6160379221805253,0.615625,0.23228503940013537,0.6519789718962907
608,0.81484375,0.8535274396857755,0.7714285714285714,0.76875,0.17870382741862662,0.5312736869542057
609,0.88046875,0.9108431919215694,0.859375,0.859375,0.15239091068862115,0.4716314147108698
610,0.80078125,0.8543609895664206,0.7272183449651046,0.725,0.187390522739823,0.5482944874528797
611,0.7578125,0.8332975891453342,0.6824378508420208,0.68125,0.2025339281942506,0.5811140445104912
612,0.7914062500000001,0.8653992867536633,0.6824378508420208,0.68125,0.18525229135214527,0.5386304241297515
613,0.8117187499999999,0.870219118589873,0.7113071371291099,0.709375,0.18429909030699265,0.5424369318038218
614,0.840625,0.8866536150922429,0.7866877345447363,0.784375,0.1712906326309185,0.5110090021958167
615,0.6843750000000001,0.7693693478231614,0.6494644595910419,0.65,0.23122162012118913,0.6539559792294675
616,0.7828124999999999,0.8531055288696284,0.7167584579071598,0.715625,0.19470148960840541,0.5664823323655165
617,0.8304687499999999,0.8796062173732341,0.8151293699387715,0.8125,0.17488915333583466,0.526882869531011
618,0.7171875,0.8018271765392457,0.7037037037037037,0.703125,0.2196046601243105,0.6255984542749518
619,0.8124999999999999,0.8716684334738679,0.7113071371291099,0.709375,0.1785609222459476,0.5247361549449995
620,0.74765625,0.8080348442928512,0.6363636363636364,0.6375,0.20502161710725506,0.5907749077079765
621,0.8,0.8649748005661708,0.7482517482517483,0.75,0.1812044998968184,0.5366602962541844
622,0.6421875,0.7837610102410589,0.6388888888888888,0.646875,0.23933107989401434,0.6735336384086791
623,0.88359375,0.9155519558943473,0.8267842822774659,0.821875,0.14148606519560555,0.44089388428959453
624,0.8500000000000001,0.8983222751234412,0.7690457097032879,0.765625,0.1642676180886851,0.4974711784829781
625,0.78125,0.845055018034359,0.7241379310344828,0.721875,0.1901520007565004,0.5535404079946046
626,0.8664062499999999,0.9124927410785535,0.83125,0.83125,0.1596355812592056,0.4875631280041646
627,0.7937500000000001,0.8505866429751878,0.7428571428571429,0.740625,0.18981887555328175,0.5585106691788678
628,0.78515625,0.8684372280898613,0.7037037037037037,0.703125,0.18639519650330924,0.5411373129593029
629,0.8156249999999999,0.8630447518806557,0.7499489274770174,0.746875,0.1835161602621843,0.539497736929907
630,0.8898437499999999,0.9288300810954018,0.8447971781305115,0.84375,0.14564319417673782,0.45779772308451366
631,0.7835937499999999,0.8478686517515901,0.6934984520123839,0.696875,0.18901722030436915,0.5517352522202547
632,0.80859375,0.8707743650653921,0.7482517482517483,0.75,0.18446098211423334,0.5488244277176642
633,0.77109375,0.8335385252498906,0.6857142857142857,0.684375,0.19684225996305102,0.5709803328076307
634,0.8328125,0.8823763879837382,0.7167584579071598,0.715625,0.16783374439350357,0.5012404114399094
635,0.77890625,0.8516894980237609,0.7319223985890653,0.73125,0.1882470084625339,0.5544493999864767
636,0.73359375,0.8110984157434797,0.6625,0.6625,0.20214378707708988,0.5796290867367
637,0.78984375,0.8526055292065112,0.7335929892891919,0.734375,0.18546013865358857,0.5454479218661556
638,0.79375,0.8608227432313993,0.7492260061919505,0.753125,0.1955090559919752,0.5752752911187934
639,0.80078125,0.8628073740177032,0.7013628283626308,0.7,0.1844348359242342,0.5405741119433346
640,0.78046875,0.8459166774917382,0.7142857142857142,0.7125,0.19026949726961737,0.5522531480149535
641,0.7773437500000001,0.8639397971862527,0.6601101494885917,0.659375,0.1948727384315727,0.56594094035955
642,0.78046875,0.8518046688650882,0.7335929892891919,0.734375,0.19023688649978027,0.5579072471683255
643,0.70390625,0.792335673409108,0.6246992782678429,0.625,0.22550643437888607,0.6395356814412697
644,0.8765624999999999,0.9118016521425175,0.8435710053328067,0.840625,0.15155308567611386,0.471336815301175
645,0.8359374999999999,0.8823129509270518,0.7846460618145563,0.78125,0.1762693283952457,0.5275320854494623
646,0.7953125000000001,0.8701050838729516,0.6444444444444444,0.646875,0.18016140813955067,0.5275713941710666
647,0.74765625,0.8226334419662096,0.6493506493506493,0.65,0.20749087676867234,0.5960702727682536
648,0.8796875000000001,0.9268501461837372,0.7714285714285714,0.76875,0.14846027799464012,0.4569528520796997
649,0.8679687500000001,0.9219246627871024,0.803125,0.803125,0.14937402709341954,0.4649047399901484
650,0.70078125,0.791697590606282,0.6601101494885917,0.659375,0.22460668979774961,0.6436360515924214
651,0.7765625,0.8496778917538983,0.7167584579071598,0.715625,0.19323023229850841,0.566934782427002
652,0.82421875,0.8712122787605002,0.7662337662337663,0.7625,0.17500884305592493,0.5185518644765165
653,0.72890625,0.8035620802546499,0.6729211929685956,0.671875,0.2084047565414681,0.5999607134346759
654,0.82421875,0.8772508311669336,0.7319223985890653,0.73125,0.170124140194587,0.5068646103710679
655,0.78046875,0.8591061411250168,0.6601101494885917,0.659375,0.18855353321513527,0.5458459305226656
656,0.72265625,0.7939348341483117,0.6884343036978757,0.6875,0.213146650124505,0.6161069504355956
657,0.81796875,0.8763473769821747,0.7401764234161989,0.7375,0.18110481251454563,0.5407013122560816
658,0.8125,0.8692184234028353,0.6824378508420208,0.68125,0.17779289045458457,0.5229622062153604
659,0.80546875,0.8619943379112867,0.7714285714285714,0.76875,0.18873096163387534,0.5564959405326295
660,0.8921874999999999,0.9315318197391939,0.7979149959903769,0.79375,0.1513408906011518,0.4646643491839153
661,0.7656250000000001,0.8470430385037437,0.6601101494885917,0.659375,0.19898123297740422,0.5773322540320817
662,0.78515625,0.8374615310550118,0.7013628283626308,0.7,0.18681041357244577,0.5510493821381327
663,0.69921875,0.7928784168424124,0.6754850088183422,0.675,0.22281378798982404,0.6333005657859806
664,0.83984375,0.8886539640014502,0.7319223985890653,0.73125,0.16927089475093768,0.5098374129284248
665,0.76171875,0.8235087752805067,0.7078260869565217,0.7125,0.1979316020335552,0.5717115235449917
666,0.89453125,0.931671519234587,0.8,0.796875,0.14209539871186042,0.447110011001036
667,0.8242187499999999,0.87323063324821,0.7055501460564753,0.70625,0.1745881822283906,0.5227730620877034
668,0.7609375,0.8373732712276993,0.6775073028237586,0.678125,0.19870124479222964,0.5689013482222958
669,0.86640625,0.9042493363703143,0.7601410934744268,0.759375,0.15788830898108822,0.4844059053449867
670,0.75859375,0.8581223139732863,0.5909090909090908,0.59375,0.20475638850312106,0.5826459972277207
671,0.7984375,0.8623412547729473,0.7142857142857142,0.7125,0.1819419606249133,0.5350429505012119
672,0.75390625,0.8240789242469416,0.7202797202797203,0.721875,0.20394672502748362,0.5909478362042893
673,0.8171875,0.8837637923055727,0.75,0.759375,0.17544488688426035,0.524370488265217
674,0.7375,0.8322366320802629,0.6160379221805253,0.615625,0.2050776833812054,0.5858711383492669
675,0.8656250000000001,0.922258753888011,0.7883597883597884,0.7875,0.16231703978226125,0.49366456320566005
676,0.846875,0.8970631383056582,0.8151293699387715,0.8125,0.1666472980791663,0.5063496232689488
677,0.7218749999999999,0.8211373136359991,0.6934984520123839,0.696875,0.21481757691055878,0.6157741501107297
678,0.771875,0.8444745747192473,0.7272183449651046,0.725,0.19467191668226988,0.5696167737633018
679,0.8117187499999999,0.8808137540639255,0.746875,0.746875,0.1795928150434869,0.5318939812081469
680,0.85546875,0.9085459200250225,0.775,0.775,0.16257582230358267,0.4924039517234042
681,0.7515624999999998,0.8461674420688376,0.6884343036978757,0.6875,0.1968340477686038,0.5689971088445909
682,0.85234375,0.900263376974396,0.7762237762237763,0.778125,0.1572364360657703,0.48257930984537645
683,0.7718749999999999,0.8372813539915327,0.775,0.775,0.19978139872633807,0.5830854464839965
684,0.8085937500000001,0.8723167824843532,0.7428571428571429,0.740625,0.1925712957908806,0.5700695407073292
685,0.6789062499999999,0.7671624705002379,0.6775073028237586,0.678125,0.23021713622419268,0.6517173769247468
686,0.8125,0.8700647877051443,0.7906571040899399,0.79375,0.18389140223196782,0.5431354438869608
687,0.73203125,0.837834746035036,0.6231827873618918,0.625,0.20683802539498697,0.5938684460128854
688,0.7765625,0.8426730881853977,0.690625,0.690625,0.1949454351279244,0.5684409261562304
689,0.8585937499999999,0.9045343988211351,0.775,0.775,0.1553200819022453,0.4729658981822532
690,0.8093750000000001,0.889820065761921,0.775,0.775,0.18034645558429213,0.5376597432781781
691,0.8445312500000001,0.8920807770174423,0.7601410934744268,0.759375,0.1675083246979884,0.5020348078683337
692,0.7374999999999999,0.8284300818254008,0.6535685645549318,0.653125,0.20177894401910026,0.5845495476403931
693,0.85390625,0.8933649548114594,0.7690457097032879,0.765625,0.16564476453087484,0.5017895654522335
694,0.78671875,0.8409355792512013,0.7450826121164438,0.74375,0.19502970383499899,0.5685508605413242
695,0.8148437499999999,0.8769215768143708,0.6985044865403789,0.696875,0.18006887263091975,0.5306715017128933
696,0.7414062499999999,0.8222796387652126,0.7360601967972217,0.74375,0.2115693188675802,0.6119349860721933
697,0.775,0.8588873162731508,0.7167584579071598,0.715625,0.19546868629158246,0.5702877030803828
698,0.79453125,0.8634900098956916,0.7037037037037037,0.703125,0.1841667372428516,0.5426006347626713
699,0.6515624999999999,0.7742148534565884,0.60625,0.60625,0.2414562447494748,0.6798305138528444
700,0.6640625000000001,0.7546442246722238,0.6377708978328174,0.640625,0.22868549588779402,0.6499696239493711
701,0.8835937500000001,0.9289499043925751,0.8435710053328067,0.840625,0.15435710008543257,0.4775526759524451
702,0.76484375,0.8456040527898988,0.6660617059891107,0.665625,0.20099944548340382,0.5793800116385693
703,0.76015625,0.8401421814917244,0.6824378508420208,0.68125,0.2018367528212922,0.5819247371354113
704,0.82890625,0.894936447381839,0.7734067663257278,0.771875,0.1698784875678213,0.5124915550885442
705,0.69609375,0.7935385757752692,0.6214216163583253,0.621875,0.22656142102388743,0.6350068003467282
706,0.79296875,0.8592786346746901,0.6824378508420208,0.68125,0.1824572796959566,0.53519278721826
707,0.76328125,0.8383946395278629,0.6729211929685956,0.671875,0.19799922045439233,0.5726024428974077
708,0.73046875,0.8126185494932193,0.6664092664092665,0.671875,0.2069696695148314,0.5969426867896713
709,0.8515625,0.9113958489559792,0.7582460991507012,0.75625,0.16349417711965222,0.49171957417838896
710,0.79453125,0.8582761306233867,0.7582460991507012,0.75625,0.19203167967402027,0.5634092483535643
711,0.796875,0.8290216440145322,0.7690457097032879,0.765625,0.18234296312283804,0.5378902905361683
712,0.8601562500000001,0.910605611676758,0.7846460618145563,0.78125,0.16017743254287237,0.4885878902081223
713,0.76328125,0.848522987362223,0.6664092664092665,0.671875,0.19045457051702294,0.5521160006959689
714,0.753125,0.8264241478078003,0.6884343036978757,0.6875,0.19922324374742534,0.5764218787966416
715,0.7437499999999999,0.8296427739057771,0.690625,0.690625,0.2065800605991265,0.5965587007697577
716,0.7749999999999999,0.8418795657438201,0.7616358325219085,0.7625,0.1976078852191846,0.5775878014637121
717,0.82578125,0.8613173266174486,0.7335929892891919,0.734375,0.17143419421350944,0.5106958368324913
718,0.7796875000000001,0.8503940978836131,0.6824378508420208,0.68125,0.18542993051752288,0.544228240579669
719,0.8054687500000001,0.8617068020703536,0.7582460991507012,0.75625,0.18057966624272137,0.5357076170377346
720,0.825,0.8811880217155844,0.7401764234161989,0.7375,0.18305189816848128,0.5437087415636954
721,0.80234375,0.8632961199967215,0.7113071371291099,0.709375,0.1815741701691246,0.5343335882740065
722,0.703125,0.8061432261797002,0.690625,0.690625,0.22866463422835487,0.6477946440355036
723,0.81875,0.8868431419615632,0.775,0.775,0.17826327884710885,0.5282993271868044
724,0.7359375,0.8187078194782771,0.7167584579071598,0.715625,0.20570434018555586,0.5955191570256582
725,0.8359375,0.8879421341018002,0.7662337662337663,0.7625,0.17023994394996558,0.512393939518364
726,0.87578125,0.9080835589185341,0.7883597883597884,0.7875,0.15085974679266156,0.4708613161031254
727,0.83984375,0.8876865546933557,0.7531760435571688,0.75,0.17173998222994757,0.5120909262278526
728,0.78984375,0.861396751819605,0.71875,0.71875,0.193097138358724,0.5668200585834143
729,0.86796875,0.9080890803656883,0.7883597883597884,0.7875,0.1554940437128828,0.47445284651590547
730,0.83125,0.8816469545212269,0.8112522686025407,0.80625,0.17795291954955061,0.5374000121684719
731,0.7515625,0.8392641898536191,0.6601101494885917,0.659375,0.19941924125169558,0.5806078529361594
732,0.8070312500000001,0.8712275500643087,0.6616956077630235,0.6625,0.17464169900543022,0.5118976264968431
733,0.7999999999999999,0.8671604739429096,0.7335929892891919,0.734375,0.1827962731398553,0.5439991516532348
734,0.759375,0.8177805311505261,0.7037037037037037,0.703125,0.2057602202290677,0.5972207334848619
735,0.84609375,0.8997284692810411,0.7559322033898306,0.753125,0.16317287221283416,0.4914251057956258
736,0.81015625,0.8740970285780332,0.7866877345447363,0.784375,0.18819289832897168,0.5534933586746408
737,0.7859375000000001,0.86881716302765,0.71875,0.71875,0.18471007924594726,0.5426972585817914
738,0.7640625,0.8361579838551655,0.7013628283626308,0.7,0.19622320512961483,0.5652666229794865
739,0.7820312500000001,0.8353998883198519,0.7419354838709677,0.740625,0.18609335421914455,0.5496425436329349
740,0.64921875,0.7430045392000335,0.6214216163583253,0.621875,0.236505875713029,0.6600905881350092
741,0.7390625000000002,0.814420292288079,0.6884343036978757,0.6875,0.20292108786462895,0.5809585025565165
742,0.78125,0.8585473570251827,0.690625,0.690625,0.187484975795232,0.5461133121619354
743,0.8546875,0.9024545771473607,0.7037037037037037,0.703125,0.16459979983195513,0.4895231415874311
744,0.8343750000000001,0.8794157242667989,0.7582460991507012,0.75625,0.17587668871095474,0.525402778699934
745,0.7601562500000001,0.8250723204148906,0.6643356643356644,0.665625,0.1958695247024644,0.5675575231656449
746,0.7367187500000001,0.8199743996223033,0.7055501460564753,0.70625,0.2065516242643086,0.5983519039528563
747,0.8351562500000002,0.8867445723513372,0.7559322033898306,0.753125,0.1661521622106277,0.4982241733145539
748,0.8062500000000001,0.8723981517720624,0.6985044865403789,0.696875,0.18313305662497156,0.5361704816659153
749,0.74921875,0.8423939282594594,0.6148148148148148,0.61875,0.20590908248855377,0.5890367974309088
750,0.76796875,0.8398417288431304,0.7319223985890653,0.73125,0.20161219039694936,0.5872035632572924
751,0.82890625,0.8617511858324104,0.7601410934744268,0.759375,0.17798641460604173,0.5316942445042346
752,0.834375,0.9016319052730674,0.7601410934744268,0.759375,0.17146456804336432,0.514708405844526
753,0.7460937499999999,0.8216504937842739,0.6785714285714286,0.678125,0.20667346281253546,0.5934878544255816
754,0.8171875000000001,0.8656890294033127,0.7601410934744268,0.759375,0.18016764306745245,0.5340294544843152
755,0.7671875,0.8434701196660074,0.7037037037037037,0.703125,0.19847910098078053,0.5718130393057482
756,0.8125,0.854612499069296,0.7734067663257278,0.771875,0.18089652915685442,0.5396053288708242
757,0.7984375000000001,0.8619800730357263,0.7734067663257278,0.771875,0.18875094716771473,0.559115752516318
758,0.84296875,0.8982346333901199,0.775,0.775,0.16982957113561917,0.5089598173265729
759,0.8046875,0.8731531060485872,0.6857142857142857,0.684375,0.1860159955224926,0.5444505152851075
760,0.8781249999999999,0.9115956840682673,0.8041958041958042,0.80625,0.15355524338972723,0.4703937307521253
761,0.803125,0.871469289315834,0.7319223985890653,0.73125,0.18182356532567598,0.5373022453872162
762,0.7445312499999999,0.8074283717615653,0.6884343036978757,0.6875,0.20504621022544642,0.5919050356795977
763,0.8195312499999998,0.8678399501672872,0.7601410934744268,0.759375,0.17075010529551055,0.5138330542315428
764,0.7945312499999999,0.8548983877975841,0.7450826121164438,0.74375,0.18555289454862123,0.546407587827045
765,0.7664062499999998,0.8369923638402142,0.7055501460564753,0.70625,0.19959039910996093,0.5815733786584433
766,0.8171875,0.8847962813248822,0.7770897832817337,0.78125,0.17109720368080053,0.5090995159293192
767,0.75546875,0.843399786872966,0.6923076923076923,0.69375,0.20114365074706225,0.5818646378305043
768,0.7359374999999999,0.833354309223157,0.6123629112662015,0.6125,0.20300335710286455,0.5788619267626716
769,0.725,0.8055779614704781,0.6410767696909272,0.640625,0.20948505997634614,0.5989299275331124
770,0.73515625,0.8246617695776415,0.6625,0.6625,0.19952003846037358,0.5708686165229954
771,0.8687500000000001,0.8986576396988442,0.8151293699387715,0.8125,0.15358310216260598,0.4739293698147225
772,0.80546875,0.8815115840775399,0.6857142857142857,0.684375,0.1864841312672484,0.5453894397038351
773,0.76875,0.8277148337176908,0.6775073028237586,0.678125,0.20048981723467407,0.5746962026671966
774,0.7953124999999999,0.8719766395898538,0.7482517482517483,0.75,0.18770039680694428,0.5549018004582242
775,0.79375,0.8642828196565732,0.7113071371291099,0.709375,0.18865818743345722,0.5486003206154815
776,0.715625,0.8127669400833619,0.6656346749226006,0.66875,0.2077181605658829,0.5950145753116285
777,0.8624999999999999,0.9167371830160028,0.775,0.775,0.1570864074427975,0.48340845684593137
778,0.8273437499999999,0.8859738056913736,0.7601410934744268,0.759375,0.16796907068311503,0.5066878420845927
779,0.83671875,0.9008966073972208,0.8017309205350118,0.8,0.1714442621293187,0.515638298847451
780,0.7281249999999999,0.8275783820890029,0.6472663139329806,0.646875,0.20376894592313144,0.5861898976028059
781,0.87421875,0.9129864351883212,0.7866877345447363,0.784375,0.15941101017304252,0.48456516802253596
782,0.834375,0.8755749891411221,0.7846460618145563,0.78125,0.1738894841344547,0.5217311251443777
783,0.7390625,0.8072199710341514,0.7335929892891919,0.734375,0.20968715104248128,0.6074638199391365
784,0.7445312500000001,0.8332081654925096,0.6616956077630235,0.6625,0.20247809294819732,0.5778251442081478
785,0.7734375,0.8471504686632805,0.7013628283626308,0.7,0.1857781204665214,0.5405358539100784
786,0.86484375,0.9068263109876099,0.7714285714285714,0.76875,0.15710288530678587,0.4794466442089008
787,0.840625,0.8854372098066132,0.746875,0.746875,0.16708996237645873,0.5033043192611577
788,0.88359375,0.9259791199154762,0.7954545454545454,0.790625,0.15592005941486478,0.47277658942207623
789,0.7710937499999999,0.8550853945585283,0.674074074074074,0.675,0.1969300349642115,0.570552242807972
790,0.84921875,0.9039462773908113,0.7401764234161989,0.7375,0.1658954416025494,0.4992660244687859
791,0.76640625,0.855296254100377,0.6444795575745605,0.64375,0.19305845521332415,0.5617892376902213
792,0.6734374999999999,0.7610850929302563,0.6363636363636364,0.6375,0.2386908641737428,0.6703868338753151
793,0.81640625,0.8677409481828362,0.7482517482517483,0.75,0.1797961232460459,0.5284604451864399
794,0.7718750000000001,0.8375484370543009,0.7142857142857142,0.7125,0.19356043633931921,0.5599395045591498
795,0.78984375,0.8552980131768702,0.7202797202797203,0.721875,0.18709726445139532,0.55278509739767
796,0.7632812499999999,0.8455508694611618,0.7222222222222222,0.73125,0.1952311628617996,0.5738748625882091
797,0.76640625,0.8459241378802536,0.7055501460564753,0.70625,0.19183667463476858,0.5625566033908513
798,0.77578125,0.8370214901928624,0.7113071371291099,0.709375,0.19519817156524186,0.5689794084655235
799,0.8015625,0.8687951695203601,0.7601410934744268,0.759375,0.18502003116192747,0.5495344672386159
800,0.79609375,0.8545596223909258,0.7142857142857142,0.7125,0.1820685916795176,0.5353071713713038
801,0.81953125,0.8711109700012969,0.7582460991507012,0.75625,0.1741796352479832,0.5167395346507002
802,0.8617187500000001,0.905480201268247,0.8017309205350118,0.8,0.15947872121523232,0.483691665962333
803,0.75625,0.8299035706950709,0.6643356643356644,0.665625,0.20157167523175124,0.5809822918064527
804,0.8960937499999999,0.9340259037486403,0.8447971781305115,0.84375,0.1446092605825168,0.4502939244185487
805,0.690625,0.7768744108327884,0.6444795575745605,0.64375,0.2266844344995562,0.6420812377552471
806,0.73125,0.8261139790132027,0.7202797202797203,0.721875,0.2109933491736396,0.6071257718090608
807,0.7937500000000001,0.8680546701718133,0.71875,0.71875,0.18339623890836826,0.537507069397551
808,0.82265625,0.8843722437059297,0.7582460991507012,0.75625,0.17427961167289746,0.5164955599225927
809,0.8304687500000001,0.8786761646903228,0.7037037037037037,0.703125,0.1713297706488934,0.5098421973271994
810,0.81171875,0.8501625594281691,0.737012987012987,0.734375,0.18448805843744293,0.547087805026281
811,0.79765625,0.8624158524285368,0.6989966555183946,0.7,0.18805001306719266,0.5486411218509573
812,0.83203125,0.8851959794158023,0.7627447179685987,0.765625,0.17208996370907614,0.5154582965573353
813,0.8421875000000001,0.8923812511005826,0.7272183449651046,0.725,0.16726304862122543,0.5027999562044196
814,0.8351562499999999,0.8747330376195908,0.8017309205350118,0.8,0.17010859816546722,0.5093281084430623
815,0.7578125,0.8273697408702166,0.6865021770682148,0.6875,0.20099433104220898,0.5817811372342743
816,0.6851562499999999,0.7847025359798223,0.5908289241622575,0.590625,0.235424944059909,0.6572293824981003
817,0.7351562500000001,0.8267794990354318,0.6,0.6,0.21020309675543525,0.5967444885406827
818,0.88046875,0.9132137801337595,0.8087844739530132,0.803125,0.15483557193230416,0.47958072243763944
819,0.7578125000000001,0.8508816565734674,0.6985044865403789,0.696875,0.19878196919412114,0.5783612892944006
820,0.8023437499999999,0.870968205148497,0.6785714285714286,0.678125,0.1866839998095016,0.5476000302559714
821,0.7429687500000001,0.8104648157599509,0.6625,0.6625,0.2071028872999462,0.5922166626866987
822,0.7507812500000002,0.832609883907827,0.7013628283626308,0.7,0.19951788592046243,0.5831216246390345
823,0.73359375,0.8286155784404138,0.6472663139329806,0.646875,0.20527063938638446,0.583895445045321
824,0.859375,0.9076753939906869,0.8041958041958042,0.80625,0.15443983504092854,0.4700580231310368
825,0.6929687499999999,0.7938834866139661,0.6231827873618918,0.625,0.2229598877475888,0.6286676595484505
826,0.8320312500000001,0.9076556112969156,0.7559322033898306,0.753125,0.1704537784969727,0.5099341140919843
827,0.86328125,0.9092588891449078,0.737012987012987,0.734375,0.15891978491915962,0.48220445992652095
828,0.8625,0.8986175021104259,0.7450826121164438,0.74375,0.1561328368133055,0.47851946056507444
829,0.7140625,0.812505706824698,0.6775073028237586,0.678125,0.22143488935191047,0.6357890935040661
830,0.7179687499999999,0.8053303292288834,0.6625,0.6625,0.20765355113963058,0.5966509987450236
831,0.7875,0.8681137983213985,0.7356521739130435,0.740625,0.18871231576577996,0.5480703889060735
832,0.8296875000000001,0.8852636176671554,0.6911133810010215,0.690625,0.1832986729421967,0.5405478226122971
833,0.83984375,0.88708769451338,0.7662337662337663,0.7625,0.1603979604545659,0.48584795254414437
834,0.73828125,0.8196094447488059,0.7013628283626308,0.7,0.21551293648612851,0.622081552692356
835,0.7796874999999999,0.8551283950800695,0.6923076923076923,0.69375,0.18916128205389407,0.5542018163463812
836,0.76484375,0.837280020312947,0.6601101494885917,0.659375,0.19585350969025073,0.565811019931911
837,0.7492187500000002,0.8479697327728211,0.6285714285714286,0.628125,0.2026312086571924,0.5850603741226347
838,0.775,0.8412395126881902,0.6923076923076923,0.69375,0.1932956892505327,0.5600020411689105
839,0.8210937500000001,0.8773070884747088,0.746875,0.746875,0.17150914100716066,0.5123033002030868
840,0.82890625,0.8996575332237903,0.7616358325219085,0.7625,0.16902512636192196,0.505163813461619
841,0.78671875,0.860473710387371,0.7298044637566661,0.728125,0.1905963501184119,0.5533610550615816
842,0.6953125,0.7958356869895521,0.6285714285714286,0.628125,0.22472214018429243,0.6364364318142233
843,0.82890625,0.8786684238164458,0.7272183449651046,0.725,0.16756024235853026,0.5015187112031796
844,0.7625,0.8442350390341568,0.6754850088183422,0.675,0.19732720153097263,0.5733282421635765
845,0.7875000000000001,0.8649616227349214,0.7616358325219085,0.7625,0.18589241561320252,0.548243284301245
846,0.74296875,0.8379139872129222,0.7356521739130435,0.740625,0.21369434842228963,0.6217075392607063
847,0.8265625,0.863477722963563,0.7450826121164438,0.74375,0.17459690347702786,0.5215283263144944
848,0.7585937500000001,0.8527664249314403,0.7213622291021672,0.725,0.1980726633311017,0.5735246550189581
849,0.7898437500000001,0.860047420476111,0.7627447179685987,0.765625,0.18289791360805818,0.5390643790748588
850,0.65859375,0.7628239892946409,0.6363636363636364,0.6375,0.23907129234050428,0.6749964240108834
851,0.71015625,0.8013554745893231,0.6317859952793077,0.63125,0.2183561417382153,0.6206992655494076
852,0.7648437500000002,0.8422950387049112,0.6729211929685956,0.671875,0.19808932745808022,0.5768490711095
853,0.80234375,0.8740761383627081,0.7401764234161989,0.7375,0.1894089578797588,0.5583245143820077
854,0.7515624999999999,0.8057494984253254,0.6857142857142857,0.684375,0.19647131792121708,0.5703744305718496
855,0.7554687499999999,0.829980681790497,0.7055501460564753,0.70625,0.19978687527089672,0.577373464005963
856,0.86640625,0.9115161033392287,0.8,0.796875,0.15233405945940592,0.46965952752238216
857,0.80546875,0.8594667517220521,0.7298044637566661,0.728125,0.18316336980137463,0.5417301041751839
858,0.8328125,0.8712038410387618,0.7450826121164438,0.74375,0.16745487978892054,0.5020356709246168
859,0.8195312499999999,0.8585905548594647,0.7401764234161989,0.7375,0.17172799493862545,0.5123635913730394
860,0.821875,0.8679448429952534,0.6785714285714286,0.678125,0.18086794119898986,0.5359905843286289
861,0.8843749999999999,0.9184510401077154,0.8133599202392822,0.809375,0.15469537838798583,0.47686659652098157
862,0.7671875,0.843710438510989,0.7428571428571429,0.740625,0.1949638961177303,0.5655069820625608
863,0.7789062499999998,0.8546970512057833,0.6857142857142857,0.684375,0.19330777804427296,0.5699993458084598
864,0.76875,0.8456077142313426,0.7142857142857142,0.7125,0.19225726531579074,0.562991901719117
865,0.8070312500000001,0.8601252662288132,0.7714285714285714,0.76875,0.17488704405773176,0.522437064526148
866,0.8625,0.8943498799928061,0.7638433339764614,0.771875,0.16464655798193334,0.49689111294828986
867,0.7734374999999999,0.8508156109218166,0.6824378508420208,0.68125,0.19383849252262955,0.5637730731809532
868,0.62109375,0.7669938999097751,0.5343915343915344,0.534375,0.25523826040010167,0.7094850498780997
869,0.73828125,0.8179882880555781,0.6410767696909272,0.640625,0.19378153275849053,0.5576994268145062
870,0.79296875,0.8624152332045698,0.6985044865403789,0.696875,0.1883242276407353,0.5490251623067982
871,0.77890625,0.8539286539846626,0.6444795575745605,0.64375,0.19014545548835637,0.5554114213811945
872,0.8101562499999999,0.8699916680971377,0.7272183449651046,0.725,0.1728167957985458,0.5158056118538532
873,0.8046875,0.8613840113298157,0.7078260869565217,0.7125,0.1845882416668868,0.5455937348558462
874,0.8257812499999999,0.8860947762032257,0.7272183449651046,0.725,0.17199853406189716,0.5083168734998628
875,0.784375,0.8542033814551324,0.7498069498069498,0.75625,0.18420294355747327,0.5380377688315687
876,0.80546875,0.877595284006426,0.7627447179685987,0.765625,0.1764734703226732,0.5252415717756538
877,0.87578125,0.8994324726532115,0.8285714285714285,0.825,0.15711757485033442,0.48250449479442803
878,0.77265625,0.8485381525666725,0.6472663139329806,0.646875,0.19199206128914686,0.5591993837933089
879,0.81640625,0.8796286389458552,0.7492260061919505,0.753125,0.18233102527870151,0.5459621671744159
880,0.74296875,0.8292094004687639,0.6571428571428571,0.65625,0.20152703956669,0.580859081913046
881,0.77421875,0.8482138794391263,0.7013628283626308,0.7,0.19511826158274126,0.5709153572614086
882,0.7390625,0.8248938511497361,0.6444795575745605,0.64375,0.21233379519394782,0.6093138002528461
883,0.8898437499999998,0.9286309318040534,0.803125,0.803125,0.14065678944189208,0.4407592362848825
884,0.8109375,0.8688454945283551,0.7770897832817337,0.78125,0.1813251518234296,0.5374362506769548
885,0.8078125,0.8656254030657131,0.7113071371291099,0.709375,0.1789769996151491,0.5255442965260848
886,0.725,0.8124265620031502,0.6729211929685956,0.671875,0.21470513194977053,0.6193781389826183
887,0.7210937500000001,0.8242269467376226,0.6660617059891107,0.665625,0.21903790523256536,0.6240309351145874
888,0.7531250000000002,0.831125417599239,0.7013628283626308,0.7,0.2056607172581839,0.5928369635754037
889,0.75,0.8516542591954764,0.6079854809437386,0.609375,0.20494017982897814,0.5900107122115197
890,0.7562500000000001,0.8308084421023616,0.6625,0.6625,0.1997088978082739,0.5774747830716463
891,0.7437500000000001,0.8386712285429876,0.6601101494885917,0.659375,0.2095342528638237,0.6063842284711515
892,0.7249999999999999,0.8126912634269166,0.6625,0.6625,0.21136306446936595,0.606622030148156
893,0.84609375,0.8922075442086556,0.7272183449651046,0.725,0.16255316411123116,0.4885041172573243
894,0.80546875,0.8783244172228345,0.7272183449651046,0.725,0.18068734058612929,0.5286522486402427
895,0.8351562500000002,0.8782347738864077,0.7846460618145563,0.78125,0.17513727002377177,0.5268919365416124
896,0.7999999999999999,0.8651708980289013,0.7492260061919505,0.753125,0.1796855925295844,0.5318047721503277
897,0.69609375,0.7916530018239769,0.6824378508420208,0.68125,0.22273000216467487,0.6319192417019078
898,0.7429687500000001,0.8110495354550485,0.6923076923076923,0.69375,0.20363731647805836,0.5863514975016054
899,0.8031250000000001,0.8753289986157022,0.7113071371291099,0.709375,0.1836726151525723,0.5434309702360163
900,0.8101562499999999,0.8702539294712106,0.7896786757546251,0.790625,0.18122913552681372,0.5370919435715822
901,0.815625,0.8744940152950661,0.7319223985890653,0.73125,0.17561300656206502,0.5226068812282392
902,0.8367187500000001,0.8962256619788713,0.7883597883597884,0.7875,0.16682692524537399,0.5027753526524252
903,0.8,0.87640276592493,0.7077922077922079,0.70625,0.19624382996410156,0.5666670868633966
904,0.73359375,0.8089817045920434,0.71875,0.71875,0.2107160708624219,0.6089439633522553
905,0.7789062499999999,0.8609321225375265,0.7319223985890653,0.73125,0.19709732245810066,0.5777392317540659
906,0.72109375,0.8076072996101847,0.6775073028237586,0.678125,0.20934580908507255,0.5985240183325408
907,0.8218749999999999,0.8852999331666194,0.737012987012987,0.734375,0.17403969993145474,0.5203505801305341
908,0.778125,0.8561397982844092,0.6985044865403789,0.696875,0.19733368415740887,0.5676620386052127
909,0.7890625,0.8398113544257163,0.6601101494885917,0.659375,0.1822483109600595,0.5346893561627896
910,0.6578124999999999,0.7524223744794001,0.5673580151192091,0.56875,0.24077200430142534,0.6772974035086254
911,0.7921875,0.864636843956267,0.6985044865403789,0.696875,0.18394589268925488,0.5411905338177717
912,0.8773437500000001,0.9068977747799488,0.83125,0.83125,0.15649753797983643,0.4798060323741152
913,0.72421875,0.7958458138171233,0.6989966555183946,0.7,0.21287290400061515,0.6091671607567763
914,0.7421874999999999,0.834499350888165,0.7213622291021672,0.725,0.21629791021489167,0.622729791896806
915,0.7718750000000001,0.8400824947596871,0.7013628283626308,0.7,0.18972715549516617,0.554402817245911
916,0.74296875,0.8375093519479301,0.6729211929685956,0.671875,0.20531030895341312,0.5942511487458714
917,0.7992187500000001,0.8721946490882687,0.7627447179685987,0.765625,0.17956822232177133,0.5326964880055619
918,0.79765625,0.8562783596159835,0.7428571428571429,0.740625,0.1864951936190161,0.5489973366803019
919,0.84375,0.8936667824450135,0.7499489274770174,0.746875,0.16712711699469557,0.5034232430327261
920,0.80859375,0.8677649296450645,0.746875,0.746875,0.18175213815301092,0.5466219199275248
921,0.8914062500000001,0.9271367545626701,0.8185694902112812,0.821875,0.14968654113425348,0.4673609091988037
922,0.8851562500000001,0.9221716057953772,0.8177215189873418,0.81875,0.14378849392030654,0.44885261411227995
923,0.8078124999999999,0.8532876166889208,0.7241379310344828,0.721875,0.18415796572853074,0.5455819956210769
924,0.7062499999999999,0.8037457979618784,0.6571428571428571,0.65625,0.21685010147130726,0.6167815918820603
925,0.8015625,0.8656734344773435,0.7401764234161989,0.7375,0.1840895416591818,0.5442457216363435
926,0.678125,0.7839027234391428,0.5952704012405505,0.596875,0.2253432451472858,0.6306887921879789
927,0.76875,0.8390010436455415,0.7037037037037037,0.703125,0.19877957748762903,0.5794832884693033
928,0.8953125,0.934912939419889,0.7559322033898306,0.753125,0.14983122045531744,0.46791962750916016
929,0.82578125,0.8992796601410658,0.6535685645549318,0.653125,0.17680422262283865,0.5195118812263477
930,0.88515625,0.9218518778223954,0.8112522686025407,0.80625,0.14864683128723688,0.46362893470796074
931,0.8390624999999999,0.8935282452318002,0.7428571428571429,0.740625,0.1707184243512696,0.512864655617319
932,0.7890625,0.8745761555368745,0.6824378508420208,0.68125,0.1882182547434673,0.5492323000621663
933,0.7882812499999999,0.8531994635012641,0.7037037037037037,0.703125,0.1918230937937237,0.5611389132451665
934,0.78984375,0.8741955316242842,0.7319223985890653,0.73125,0.1869665819986922,0.5483580987435136
935,0.7531249999999999,0.8081241967097231,0.6754850088183422,0.675,0.20520506347522888,0.5970643151372126
936,0.7757812500000001,0.846771018741523,0.7319223985890653,0.73125,0.1934147006844631,0.5672290765007568
937,0.6921875,0.7556433883664327,0.6494644595910419,0.65,0.22572563587306074,0.6402563696136341
938,0.8101562500000001,0.8812358649054698,0.7770897832817337,0.78125,0.18093483102420319,0.5416764497724387
939,0.8125,0.882352971838266,0.7846460618145563,0.78125,0.17657045820616366,0.5302636264482582
940,0.7328125000000001,0.8218459982493242,0.6729211929685956,0.671875,0.20618373009239807,0.5882066482925631
941,0.8953125,0.9328562515968533,0.8285714285714285,0.825,0.14628586547636646,0.46070021189034716
942,0.74296875,0.8253826837196772,0.7213622291021672,0.725,0.20426747493367803,0.5998593950120196
943,0.79375,0.8773990396124497,0.7762237762237763,0.778125,0.17986568312772114,0.5412250119029145
944,0.78203125,0.850514274310684,0.6625,0.6625,0.18877955754904013,0.5490498884073608
945,0.8328125,0.880867950538246,0.7601410934744268,0.759375,0.1665072191987801,0.4989342081094412
946,0.80625,0.8678280253420918,0.7333333333333334,0.73125,0.18498293162382118,0.5414403643541807
947,0.8546875,0.906521460220829,0.7734067663257278,0.771875,0.15790860362956957,0.4830804008978309
948,0.8062500000000001,0.8647217235062304,0.7582460991507012,0.75625,0.17703693652117833,0.5284217903320418
949,0.6125,0.7422291963479292,0.55,0.55,0.25700411854219474,0.7165820315567554
950,0.8234375,0.8744347376819996,0.775,0.775,0.1763251777593717,0.5213934384636747
951,0.7289062500000001,0.8124366498700678,0.6643356643356644,0.665625,0.20338709807995967,0.5819099703974179
952,0.7890625,0.8485919253474341,0.71875,0.71875,0.19362368466756147,0.56551178754189
953,0.8359375,0.8940603764564246,0.8177215189873418,0.81875,0.16247576522510107,0.4995014492209755
954,0.89296875,0.9291119632643479,0.7762237762237763,0.778125,0.1395959579920298,0.4360008395437569
955,0.7390625,0.8414256472226336,0.7037037037037037,0.703125,0.21252281171307397,0.619548092657534
956,0.7578124999999999,0.8450435978472999,0.6444444444444444,0.646875,0.1993400121320004,0.5774852343464018
957,0.82265625,0.8637131404824845,0.7450826121164438,0.74375,0.17999330073382547,0.5330002241845815
958,0.86328125,0.9102994610785617,0.7241379310344828,0.721875,0.15310233573962811,0.4626586652771389
959,0.81015625,0.8719121774865294,0.7883597883597884,0.7875,0.17984517584310808,0.5334674752530574
960,0.8296874999999999,0.8841434326182231,0.7241379310344828,0.721875,0.1688354147414722,0.5125320914221173
961,0.7765625,0.8528834633700372,0.6884343036978757,0.6875,0.1944768299457976,0.5609986133092648
962,0.6867187500000002,0.770899648335416,0.6410767696909272,0.640625,0.22035937092436583,0.621983088300139
963,0.7187499999999999,0.7930446721142272,0.6857142857142857,0.684375,0.215545577762363,0.6152238721478849
964,0.796875,0.8655378060434397,0.7482517482517483,0.75,0.18175772237418794,0.5309117181058609
965,0.7898437500000001,0.8589230599644093,0.7077922077922079,0.70625,0.19046896484749096,0.558683849036834
966,0.8343749999999999,0.8727602349416901,0.722007722007722,0.728125,0.1722273942124876,0.5113532379204435
967,0.86015625,0.907065371057245,0.7333333333333334,0.73125,0.16354019534261907,0.4911835647225866
968,0.82578125,0.8945324868072566,0.7866877345447363,0.784375,0.17009479457457058,0.5172572366530688
969,0.71640625,0.8141271786835186,0.6386100386100386,0.64375,0.2094953695870979,0.5955976817245046
970,0.7804687499999999,0.8507356653644794,0.7202797202797203,0.721875,0.19021728141889735,0.5551940672406861
971,0.6765625,0.7861718133410778,0.5789473684210527,0.58125,0.21781776866782426,0.6151971413059111
972,0.8445312500000001,0.8906837581395809,0.737012987012987,0.734375,0.1632104362527268,0.4921338909444109
973,0.74921875,0.8377044311885883,0.6444795575745605,0.64375,0.20082139411831162,0.5767676495828242
974,0.78203125,0.8388798527998321,0.6785714285714286,0.678125,0.18894049955208506,0.550862064571277
975,0.7976562499999998,0.8706969058875104,0.7167584579071598,0.715625,0.18770713758377694,0.5554932802831147
976,0.78828125,0.8493995433207991,0.7498069498069498,0.75625,0.19652030408146962,0.5730675514163259
977,0.80703125,0.8584775270445105,0.7113071371291099,0.709375,0.17979099922755773,0.5320920817734417
978,0.75078125,0.827615080030986,0.6643356643356644,0.665625,0.20354127471962002,0.5863967022740171
979,0.7992187500000001,0.8581662240191533,0.7428571428571429,0.740625,0.18012372950920935,0.5287906360352045
980,0.7515625,0.8471603265629217,0.7335929892891919,0.734375,0.20021701864395927,0.5806383671105737
981,0.8296875,0.8853207136990348,0.7450826121164438,0.74375,0.1749545572490656,0.5212368794702097
982,0.703125,0.8135570162019191,0.6729211929685956,0.671875,0.22051049583162685,0.6269512806843012
983,0.78828125,0.8690435265149261,0.7428571428571429,0.740625,0.18266635232793418,0.5378490903767408
984,0.6828125,0.7972167612025234,0.6246992782678429,0.625,0.23538645214360832,0.6620442940273366
985,0.740625,0.8242764289440547,0.6942084942084943,0.7,0.20457609319879477,0.5912251716910418
986,0.6515624999999999,0.7788454391082115,0.578125,0.578125,0.22374155248354566,0.6270754571495752
987,0.8625,0.9059266956713332,0.7866877345447363,0.784375,0.1588233317263907,0.48456649113161315
988,0.8125,0.8659072661324203,0.6950998185117967,0.69375,0.18118625171005068,0.531977245652555
989,0.88984375,0.9173415545826804,0.8457643622200585,0.846875,0.1483842211938024,0.46586490275784015
990,0.8507812499999999,0.8855297022001616,0.7883597883597884,0.7875,0.16512990095877028,0.4979038408126968
991,0.6703125,0.7740746769258579,0.6521739130434783,0.65625,0.23690760270845532,0.6665895025765118
992,0.8859374999999999,0.9216942097754555,0.7734067663257278,0.771875,0.1420190651535688,0.4419446392887535
993,0.765625,0.8074057151066107,0.7319223985890653,0.73125,0.20013470402970335,0.5799512073507789
994,0.80546875,0.8867369652273827,0.7319223985890653,0.73125,0.18323675252585966,0.5430152336618009
995,0.8265625,0.8907669039447483,0.7113071371291099,0.709375,0.1810048401197356,0.5356692690664597
996,0.80546875,0.87308531740441,0.7113071371291099,0.709375,0.17440148899819535,0.516461980209208
997,0.7945312499999999,0.8490501283784293,0.7601410934744268,0.759375,0.1846342558848801,0.5487357278720214
998,0.75625,0.8288733901105161,0.6884343036978757,0.6875,0.20212812373796904,0.5837869541436108
999,0.778125,0.8560852866601003,0.7055501460564753,0.70625,0.18902910782777635,0.553571206782532
1000,0.83046875,0.8883865762427077,0.746875,0.746875,0.16860199203122997,0.5084956368243597
1001,0.77421875,0.8527499863946736,0.6387959866220736,0.64375,0.18219312608081772,0.5314450745640947
1002,0.8875,0.9220890343397894,0.8267842822774659,0.821875,0.15826709221775953,0.48199230558562056
1003,0.8265625,0.8857916786091803,0.7450826121164438,0.74375,0.17170212036413812,0.5102297438480877
1004,0.7632812499999999,0.8492494118447272,0.6370235934664247,0.6375,0.2004403281286469,0.573247632510394
1005,0.7859375000000001,0.8690425657427318,0.7482517482517483,0.75,0.18699509987379562,0.5473744450820993
1006,0.7859375,0.8433632747592986,0.7113071371291099,0.709375,0.19050371228111188,0.5566447590617243
1007,0.79609375,0.86365406278931,0.6754850088183422,0.675,0.18184381969295066,0.5339034612189048
1008,0.71640625,0.8129818162480342,0.6160379221805253,0.615625,0.2216970152036467,0.6280810160889282
1009,0.8359374999999999,0.9008799881229238,0.7335929892891919,0.734375,0.16896812477103687,0.5073068018574081
1010,0.72890625,0.8240521051063555,0.626788306033589,0.63125,0.20500900265227628,0.5868905321072637
1011,0.7218749999999999,0.7965364179767136,0.6510951734832332,0.653125,0.21485598461366948,0.6150047064649518
1012,0.79140625,0.8777316792160206,0.7013628283626308,0.7,0.18195428694773666,0.5384107709893203
1013,0.83515625,0.8803388833084421,0.7013628283626308,0.7,0.164432383970273,0.4916922413740807
1014,0.8875,0.9327879844538884,0.8300550747442959,0.828125,0.14888407856851804,0.4661491624434453
1015,0.8421875,0.8838595410501927,0.7601410934744268,0.759375,0.17227163671136914,0.5169853659133352
1016,0.79765625,0.8608017124127183,0.7319223985890653,0.73125,0.16774506240477668,0.5044741627618364
1017,0.7890625,0.851774009818494,0.6857142857142857,0.684375,0.18693103758911045,0.5466728271720966
1018,0.76875,0.8373737753713859,0.6775073028237586,0.678125,0.195327406478506,0.566867009122075
1019,0.821875,0.8879313140449179,0.6824378508420208,0.68125,0.17901152139862686,0.5278232783085424
1020,0.76015625,0.8324956501782309,0.6775073028237586,0.678125,0.19615382700392062,0.5660715101866729
1021,0.8874999999999998,0.9305526044683771,0.8151293699387715,0.8125,0.14696105868343226,0.45709521853938945
1022,0.76875,0.8508802660325562,0.7142857142857142,0.7125,0.19208840005852532,0.5570220819942402
1023,0.77734375,0.8406725879362897,0.6923076923076923,0.69375,0.19114531852204453,0.5547212415377042
1024,0.8492187499999999,0.8814730338354898,0.7616358325219085,0.7625,0.16360250128679846,0.49543348075721966
1025,0.8539062500000001,0.8956713784270712,0.8,0.796875,0.16149379509567413,0.4883355043677141
1026,0.7734375,0.8440762860375859,0.6950998185117967,0.69375,0.1889279318237091,0.5518984501448981
1027,0.7773437499999999,0.8654352274223147,0.6857142857142857,0.684375,0.19570473451858914,0.5727474298983554
1028,0.8218749999999999,0.8760666397645811,0.746875,0.746875,0.17752618156521605,0.5281516928815314
1029,0.8765624999999999,0.9160776317388931,0.7428571428571429,0.740625,0.14767963921380922,0.45370144751359476
1030,0.7945312499999999,0.8524867088331708,0.7298044637566661,0.728125,0.1852770660683442,0.544452324058055
1031,0.796875,0.8730307321178987,0.690625,0.690625,0.18053613105801325,0.531465146458995
1032,0.8234375,0.8814139266673148,0.7298044637566661,0.728125,0.179733712652496,0.5318804726793191
1033,0.7765625,0.8311364401317338,0.6942084942084943,0.7,0.19671852900108808,0.5684221171292225
1034,0.8203125,0.8763732803816309,0.7601410934744268,0.759375,0.17516797802501122,0.5216752936827734
1035,0.7890625,0.855919349459727,0.6493506493506493,0.65,0.1893618211547403,0.549929899178558
1036,0.7124999999999999,0.8148928935493186,0.6571428571428571,0.65625,0.21807870333704008,0.6244750261123241
1037,0.81015625,0.8628625842694594,0.7401764234161989,0.7375,0.1854509359864905,0.5485862182930427
1038,0.7898437500000001,0.8605456182124314,0.7531760435571688,0.75,0.17650518341536092,0.5233666160049205
1039,0.7046875,0.8096096053288303,0.634375,0.634375,0.2125373892946697,0.6097148550267737
1040,0.7874999999999999,0.8448391389150472,0.7142857142857142,0.7125,0.18673118019525847,0.5458825461708372
1041,0.803125,0.8605553905058126,0.7167584579071598,0.715625,0.18160181574787468,0.5384030740509342
1042,0.80703125,0.858782933618925,0.7272183449651046,0.725,0.18077649058082532,0.5325303921436713
1043,0.87578125,0.9088850089820137,0.7866877345447363,0.784375,0.15611185275378064,0.48049044635413335
1044,0.81875,0.8854635226987311,0.6911133810010215,0.690625,0.1764923428361032,0.5202073471726831
1045,0.89375,0.9182261441799411,0.7979149959903769,0.79375,0.14119290013269442,0.44213536316574836
1046,0.82421875,0.8805363992307865,0.7202797202797203,0.721875,0.17186266218579396,0.511725243705609
1047,0.77265625,0.8342238201992532,0.7450826121164438,0.74375,0.1929100070983365,0.5645510620777907
1048,0.875,0.9187358893306197,0.7531760435571688,0.75,0.15266007163610648,0.4629696819686741
1049,0.83203125,0.8824342452561245,0.803125,0.803125,0.17856637477221968,0.5318657975632541
1050,0.78671875,0.8679737933959755,0.6535685645549318,0.653125,0.18464267269644408,0.5389884196890864
1051,0.7882812499999999,0.8447047461976936,0.7319223985890653,0.73125,0.18201863344872027,0.5368017590802622
1052,0.72578125,0.8179481934240245,0.7013628283626308,0.7,0.20712942222750502,0.6053248708515326
1053,0.75703125,0.8128881060180592,0.6729211929685956,0.671875,0.19241389139142542,0.5579988419566723
1054,0.8921875,0.930140342308474,0.8601398601398602,0.8625,0.1388220323337892,0.43791994894413877
1055,0.75859375,0.8345855332377871,0.6824378508420208,0.68125,0.19404850871494225,0.5596012271376466
1056,0.6625000000000001,0.7495996538175222,0.6246992782678429,0.625,0.2360360876831314,0.6687833552237219
1057,0.69140625,0.8022465840702168,0.5958299919807538,0.596875,0.2187737548019014,0.6222745655580325
1058,0.7039062500000001,0.8180245894223902,0.5836490528414755,0.584375,0.23530600520457393,0.6611235812068723
1059,0.82734375,0.8739692853754558,0.71875,0.71875,0.171560041626892,0.5136158271473712
1060,0.765625,0.822955081026689,0.6824378508420208,0.68125,0.1956579037978309,0.568504851249634
1061,0.753125,0.8367160674317918,0.6664092664092665,0.671875,0.19620759899079313,0.5690383135366719
1062,0.77421875,0.837450891407009,0.746875,0.746875,0.19161537915263083,0.5568961638128029
1063,0.771875,0.8441100322845163,0.6601101494885917,0.659375,0.1891174147933546,0.5467624877707066
1064,0.7226562500000002,0.8205555375127342,0.6201298701298701,0.621875,0.21269390319652115,0.6099229784302521
1065,0.8125000000000001,0.8654647259478385,0.7846460618145563,0.78125,0.18090456478327666,0.535235763747568
1066,0.8429687499999999,0.8985317065931581,0.7866877345447363,0.784375,0.17080882273748577,0.5104396242734499
1067,0.81015625,0.8643070858750352,0.7401764234161989,0.7375,0.18382250617779994,0.5416740474063699
1068,0.753125,0.828389800005036,0.7335929892891919,0.734375,0.20083129562061616,0.5832404227933492
1069,0.76484375,0.842674202818666,0.7013628283626308,0.7,0.1954303597741327,0.5675602407436963
1070,0.846875,0.8972423045941419,0.7866877345447363,0.784375,0.16475465584640686,0.4995689113287171
1071,0.8125,0.8650030958047277,0.7298044637566661,0.728125,0.17562338944905176,0.5246289629530515
1072,0.8,0.8848661139505527,0.6246992782678429,0.625,0.1844088181042273,0.5315206202991598
1073,0.76015625,0.8387775171624667,0.6363636363636364,0.6375,0.19584564684677117,0.5646082013282642
1074,0.7765625,0.8698671425977259,0.6729211929685956,0.671875,0.19148376582742943,0.5541879063189005
1075,0.8062499999999999,0.8640816957466336,0.7499489274770174,0.746875,0.1800936495880151,0.5322974457170291
1076,0.8570312499999999,0.8763413177581879,0.7582460991507012,0.75625,0.1614421604236595,0.4959498231477315
1077,0.7585937500000001,0.8441709667125369,0.6472663139329806,0.646875,0.20086841881045706,0.5777974305200737
1078,0.709375,0.7976833375923545,0.6201298701298701,0.621875,0.2191665142773591,0.6227411643714054
1079,0.73046875,0.818587623271415,0.6884343036978757,0.6875,0.21269733590583761,0.6119374966448115
1080,0.78671875,0.8491507024355676,0.6824378508420208,0.68125,0.17949545639699258,0.5220862267999871
1081,0.7960937499999999,0.8636616952740723,0.7616358325219085,0.7625,0.18104560459587982,0.5391532008328741
1082,0.78203125,0.8625831585938588,0.7319223985890653,0.73125,0.19012855681230287,0.5557570565891559
1083,0.82421875,0.8639525688085345,0.7714285714285714,0.76875,0.1790326932998455,0.5311093547967634
1084,0.76328125,0.8399604492855379,0.6535685645549318,0.653125,0.20009609569681716,0.5784757450546214
1085,0.7687499999999999,0.8320358179770498,0.7013628283626308,0.7,0.19565015118847245,0.5660071228762705
1086,0.71328125,0.8061317974310851,0.6857142857142857,0.684375,0.21860599008342615,0.6200530577406096
1087,0.7734375,0.8444119447416565,0.690625,0.690625,0.18776218323558835,0.5492802607920798
1088,0.86171875,0.908939914879102,0.8017309205350118,0.8,0.1559793742753814,0.47912411572707886
1089,0.853125,0.8984787669148026,0.7690457097032879,0.765625,0.16597801810509935,0.5004252274827907
1090,0.8085937500000001,0.8728553655125263,0.6824378508420208,0.68125,0.18401912009043955,0.5434636031126825
1091,0.7374999999999999,0.8181048254987869,0.690625,0.690625,0.20675380437198232,0.5955181916816386
1092,0.84609375,0.8901170746855553,0.7883597883597884,0.7875,0.1669269089002203,0.507617287950715
1093,0.815625,0.8696319420992896,0.7450826121164438,0.74375,0.1767835722875022,0.521323177766247
1094,0.81015625,0.8803468966731437,0.7167584579071598,0.715625,0.17269383699011523,0.5131811953462787
1095,0.6804687500000001,0.7708395836795057,0.6317859952793077,0.63125,0.2292821046432088,0.6435868111824516
1096,0.77890625,0.8432576663981308,0.7272183449651046,0.725,0.1931217099774661,0.5633322296581225
1097,0.7546875,0.8371071598831137,0.6857142857142857,0.684375,0.20289964250584436,0.5813786676485777
1098,0.8484375000000001,0.8934292208438545,0.7450826121164438,0.74375,0.17036592680951287,0.512404082084328
1099,0.7625000000000001,0.8470034794868775,0.6410767696909272,0.640625,0.19978445801708608,0.5710485569364145
1100,0.7671875,0.8248189584423955,0.7013628283626308,0.7,0.199187654273788,0.5753190802842041
1101,0.7945312500000001,0.8622830908904372,0.7319223985890653,0.73125,0.18581131865715741,0.5431411829592124
1102,0.7874999999999999,0.8509127079656442,0.6729211929685956,0.671875,0.18291529808614063,0.5353317162332232
1103,0.828125,0.8877213129010967,0.690625,0.690625,0.16648374997039422,0.4970721168495494
1104,0.7945312500000001,0.8439550936641746,0.7734067663257278,0.771875,0.18516509112458984,0.5486842896122498
1105,0.825,0.8706837776560448,0.746875,0.746875,0.17171663788939648,0.5154725547020048
1106,0.79375,0.866584798447621,0.71875,0.71875,0.19064355883739204,0.5616145367957173
1107,0.8765625,0.912244636779435,0.7762237762237763,0.778125,0.15036669041557998,0.46116954487689654
1108,0.78125,0.8370565417237146,0.7319223985890653,0.73125,0.1920329093561971,0.5582617869336308
1109,0.8203125,0.8869210428363604,0.7616358325219085,0.7625,0.17346424689548096,0.519865945495025
1110,0.815625,0.8689035449469763,0.7450826121164438,0.74375,0.18123176221510862,0.5384822998656649
1111,0.8390625,0.8801183387663187,0.775,0.775,0.16954374877821268,0.5112141587640557
1112,0.7718750000000001,0.8394147147150196,0.6942084942084943,0.7,0.19658568830532838,0.573721692563065
1113,0.8789062499999999,0.9264491540454616,0.7450826121164438,0.74375,0.15929602725052713,0.48969956446265805
1114,0.75,0.8302844202795828,0.6656346749226006,0.66875,0.20428389468344632,0.5901291097547537
1115,0.821875,0.884313389704388,0.7213622291021672,0.725,0.17273945042317887,0.5176957759292188
1116,0.80703125,0.8494188882766024,0.6884343036978757,0.6875,0.17978227356107138,0.5313294026633056
1117,0.79765625,0.8595391317651552,0.7272183449651046,0.725,0.18531648460530536,0.5441014773400962
1118,0.77734375,0.8494889164807018,0.669790628115653,0.66875,0.19577038653259501,0.5668167479449729
1119,0.77734375,0.8485351096755809,0.7428571428571429,0.740625,0.19147454257882812,0.5615515215702683
1120,0.7914062500000001,0.8589024596868914,0.737012987012987,0.734375,0.19042736704682117,0.5561835467098581
1121,0.76640625,0.8273258222599861,0.6493506493506493,0.65,0.2042574187659253,0.5932286372007931
1122,0.8171875000000001,0.8655039152658802,0.7866877345447363,0.784375,0.17870703391295467,0.5286028537678867
1123,0.7640625,0.837846653871699,0.7272183449651046,0.725,0.20879330237348326,0.605774652198467
1124,0.7187499999999999,0.8271717257342438,0.6625,0.6625,0.21774540871839357,0.6156423855792793
1125,0.77109375,0.8209160659901369,0.6985044865403789,0.696875,0.19744432075081286,0.5759289823721259
1126,0.7390625,0.8344252716844003,0.6799999999999999,0.684375,0.2046546021591603,0.5907447649821665
1127,0.7421875,0.8395640848635122,0.6754850088183422,0.675,0.2098249567423888,0.6006116817171302
1128,0.8742187499999999,0.9142881291346467,0.8435710053328067,0.840625,0.1589620254666582,0.4942410482821333
1129,0.80546875,0.8664364160015907,0.7531760435571688,0.75,0.18667837057720998,0.5482430346078213
1130,0.8085937499999999,0.8743177568415883,0.775,0.775,0.18207996196528065,0.5386347111492197
1131,0.7765625,0.8468885187862726,0.690625,0.690625,0.19195957318177637,0.5581242314497704
1132,0.7476562499999999,0.8208620862840058,0.6625,0.6625,0.19595003111301784,0.5644011268442924
1133,0.859375,0.9020767799151592,0.7601410934744268,0.759375,0.15716453310574352,0.48190324194897205
1134,0.72578125,0.8028065320380021,0.71875,0.71875,0.2160812210914082,0.6264604786645669
1135,0.79375,0.837520592523682,0.7272183449651046,0.725,0.18925551159592685,0.5577484203470616
1136,0.7187500000000001,0.8002023745719853,0.6601101494885917,0.659375,0.20577430346248213,0.5898188108925244
1137,0.8484375,0.9017142495480871,0.7582460991507012,0.75625,0.16764592493602748,0.5058255198865541
1138,0.7234375,0.8136602107983012,0.6571428571428571,0.65625,0.20774160261887667,0.5962176051006163
1139,0.9195312500000001,0.9427911087366208,0.762962962962963,0.759375,0.1429669297098269,0.44726895146044526
1140,0.8609375,0.9123038649373844,0.7531760435571688,0.75,0.1586153621904895,0.47931906940399926
1141,0.80234375,0.8671793477322767,0.7213622291021672,0.725,0.18305148884667466,0.5464174789562501
1142,0.7953125,0.8600287563604901,0.7335929892891919,0.734375,0.18817763901040652,0.552812360326946
1143,0.75859375,0.8354772777769152,0.6566452415509019,0.659375,0.1903995841056482,0.554628070924568
1144,0.7671875000000001,0.842887850708923,0.746875,0.746875,0.19871665544998754,0.5827709829559156
1145,0.7421875,0.8262018945679536,0.6246992782678429,0.625,0.19770762791226587,0.5678817845076615
1146,0.809375,0.8655229648604109,0.7498069498069498,0.75625,0.18009325404047413,0.5373821314083348
1147,0.78515625,0.8527966571701223,0.7142857142857142,0.7125,0.1898702292582613,0.5585492507630616
1148,0.7640625000000001,0.8566583236361304,0.7356521739130435,0.740625,0.1954512210230817,0.5764641964741345
1149,0.7289062500000001,0.8226300177329884,0.6472663139329806,0.646875,0.21398540021481657,0.612165061165856
1150,0.8421875,0.8878356922398647,0.7793667007150153,0.775,0.16854180998722024,0.5058260428148382
1151,0.7890625,0.8333956429610683,0.7428571428571429,0.740625,0.18376653008941446,0.5387889735231945
1152,0.6781250000000001,0.7783336314102467,0.6079854809437386,0.609375,0.22039431689005173,0.619534369716638
1153,0.8617187500000001,0.9067194638907805,0.7450826121164438,0.74375,0.15136124183984162,0.4599067746377311
1154,0.82890625,0.8693804108373977,0.7601410934744268,0.759375,0.1703350496735457,0.5118903852980615
1155,0.85234375,0.8950721679870897,0.7077922077922079,0.70625,0.16597297186371937,0.4994358201596638
1156,0.859375,0.9080695996808119,0.7531760435571688,0.75,0.16134921934760613,0.4906204767188503
1157,0.74921875,0.8259852233878111,0.6754850088183422,0.675,0.20339299855665285,0.5840592532185194
1158,0.8890625000000001,0.9320929094579337,0.8165784832451499,0.815625,0.14198122154113635,0.4424767473157165
1159,0.91796875,0.9385390642853227,0.8133599202392822,0.809375,0.12914838300331724,0.4094545670302867
1160,0.82578125,0.8716796122240092,0.7272183449651046,0.725,0.1752906969814833,0.5202173918038242
1161,0.83515625,0.894566547732383,0.803125,0.803125,0.16970040774884554,0.5113079965679522
1162,0.75234375,0.8341753278199524,0.6754850088183422,0.675,0.19626037395071802,0.5689399313515702
1163,0.7367187500000001,0.8271058177499409,0.6985044865403789,0.696875,0.2114671037537334,0.6090189752344524
1164,0.79765625,0.8467251782370547,0.6754850088183422,0.675,0.18514097605811364,0.5448064783261339
1165,0.8617187499999999,0.9069683501761894,0.8464818763326225,0.85,0.16656593392662838,0.5065267279997349
1166,0.7578125000000001,0.8417253347262039,0.7113071371291099,0.709375,0.20579482825970744,0.5932481104148907
1167,0.8500000000000001,0.8943091516939304,0.8017309205350118,0.8,0.15975511276441948,0.48554014092567166
1168,0.7109375000000001,0.8232940968369845,0.7069199457259159,0.709375,0.21506343432073535,0.6171988462274126
1169,0.7671875,0.846182832462927,0.6775073028237586,0.678125,0.1885152377046454,0.5493540623081843
1170,0.8140625,0.8732956558582229,0.7627447179685987,0.765625,0.17662581058159832,0.5233983054896095
1171,0.8859375,0.9237668437883957,0.7734067663257278,0.771875,0.15038107488331526,0.46252009781236997
1172,0.765625,0.8361860906723056,0.6923076923076923,0.69375,0.1992199257360537,0.5768917136250534
1173,0.646875,0.7849539959394447,0.6083916083916084,0.609375,0.23782263373953919,0.6678670605611087
1174,0.7140624999999998,0.7793585564781694,0.6643356643356644,0.665625,0.21441949510817748,0.6129547560715068
1175,0.8117187499999999,0.8758119683332631,0.746875,0.746875,0.17602307313720686,0.5239918970269137
1176,0.7984375,0.8588068313937601,0.737012987012987,0.734375,0.18605666616580302,0.5485258998996735
1177,0.7648437499999999,0.843933458074832,0.6493506493506493,0.65,0.20332211446735016,0.5875183377316081
1178,0.6875,0.8012050448190623,0.6160379221805253,0.615625,0.23002673858485442,0.6475366546648327
1179,0.78515625,0.850482875544238,0.7482517482517483,0.75,0.19307359401934363,0.5659638810179634
1180,0.784375,0.8669522839815096,0.6923076923076923,0.69375,0.18411731354588284,0.5372825929859267
1181,0.7789062499999999,0.8527696437517795,0.6729211929685956,0.671875,0.19081931455105974,0.5553032529941417
1182,0.8171875,0.884795395352981,0.7638433339764614,0.771875,0.1716367567559958,0.5117189705988702
1183,0.8109375000000001,0.8651025294497118,0.7319223985890653,0.73125,0.1816081063741978,0.5404791038316872
1184,0.90390625,0.9231706268673395,0.8267842822774659,0.821875,0.13963808900089303,0.43949982745219934
1185,0.83828125,0.8843889573216631,0.7531760435571688,0.75,0.16797250924311108,0.5080214461981412
1186,0.7828125,0.8468537776894947,0.669790628115653,0.66875,0.18637561215998624,0.5491920725947073
1187,0.7437499999999999,0.8114115424761077,0.6775073028237586,0.678125,0.21604641829009477,0.6202438053363483
1188,0.8625,0.9126206389431071,0.7866877345447363,0.784375,0.15050196521846818,0.46395385524103755
1189,0.7648437499999999,0.8359488126443084,0.634375,0.634375,0.1984483704570247,0.5744681836241088
1190,0.8296875,0.8876579668878543,0.7582460991507012,0.75625,0.1746797733336051,0.5228619734264179
1191,0.8304687499999999,0.8792840625129965,0.7348323318472572,0.7375,0.1687644121756332,0.5042111125150431
1192,0.8226562500000001,0.8779628796159159,0.803125,0.803125,0.17465278345875554,0.5243702082695485
1193,0.7812500000000001,0.8427150781607303,0.7627447179685987,0.765625,0.1965566269077921,0.5780286794813286
1194,0.9125,0.9257910303720597,0.8693284936479129,0.8625,0.13498912900978838,0.4304758006251835
1195,0.7890625,0.8586104672570418,0.7078260869565217,0.7125,0.18619241859707086,0.5478341091569372
1196,0.81484375,0.8907848719939201,0.7762237762237763,0.778125,0.18393691714960136,0.5476482072410345
1197,0.73515625,0.813293982061059,0.6857142857142857,0.684375,0.21108463459030466,0.6025951375191396
1198,0.8234374999999999,0.890211914703717,0.7482517482517483,0.75,0.17766904021004842,0.5316109671064009
1199,0.8171875,0.8753293124143046,0.7559322033898306,0.753125,0.17701734311179476,0.5202683018546888
1200,0.771875,0.8421251542309407,0.6857142857142857,0.684375,0.19399347674062636,0.5619803274513392
1201,0.8281250000000001,0.8851744277331255,0.7241379310344828,0.721875,0.16974449583671058,0.5034095783119842
1202,0.81796875,0.8907281259036517,0.6950998185117967,0.69375,0.17412140670934084,0.5096905852421436
1203,0.79765625,0.8713253488386259,0.7335929892891919,0.734375,0.1868544296339332,0.5489674099628286
1204,0.74453125,0.8227126655198823,0.6571428571428571,0.65625,0.20581433173626495,0.5870781645652646
1205,0.71953125,0.8216827595386121,0.6160379221805253,0.615625,0.21302395981276234,0.604443998683486
1206,0.840625,0.892352260651953,0.7037037037037037,0.703125,0.16566176265650112,0.49630189917110773
1207,0.7812499999999999,0.854477340234594,0.746875,0.746875,0.19216872688885414,0.5650511853927369
1208,0.7953125,0.8591982487557758,0.7069199457259159,0.709375,0.1797929257839662,0.5274461485962898
1209,0.8101562499999999,0.8708677040955617,0.775,0.775,0.18393506830291534,0.5429918316625435
1210,0.7765625,0.8583504718334183,0.6616956077630235,0.6625,0.18728834512607836,0.5428087773393708
1211,0.75625,0.8328417874595038,0.6754850088183422,0.675,0.2011671699167245,0.5811427458462683
1212,0.8421874999999999,0.8992414296824057,0.7319223985890653,0.73125,0.16427904116310543,0.49187486108203277
1213,0.75390625,0.8437399571377364,0.669790628115653,0.66875,0.1933598759818265,0.5596756763517505
1214,0.8140625,0.8699613893051393,0.7734067663257278,0.771875,0.18479445209368667,0.5522731035240009
1215,0.7921874999999999,0.8621198161425886,0.7482517482517483,0.75,0.18927152602768393,0.5493790196799159
1216,0.8890625,0.9146439046256498,0.8285714285714285,0.825,0.14587552094841963,0.4528451121384455
1217,0.7890625,0.859072781419095,0.746875,0.746875,0.18961822938844738,0.5525056279636028
1218,0.74765625,0.8375429967392836,0.6410767696909272,0.640625,0.20604920478977262,0.5920882877867869
1219,0.6476562499999999,0.7721937479485711,0.5958299919807538,0.596875,0.23702106680652069,0.6649146170661682
1220,0.83125,0.886782977508223,0.8017309205350118,0.8,0.18168719768035638,0.5414823210141502
1221,0.83671875,0.8902239956009644,0.7482517482517483,0.75,0.16982399781648738,0.5066543022263753
1222,0.7671874999999999,0.837783808606001,0.7319223985890653,0.73125,0.19682395884477655,0.5684140499067736
1223,0.76953125,0.8432109640738416,0.669790628115653,0.66875,0.20198859081151438,0.5797672143029905
1224,0.6859375,0.7968590869915902,0.6190476190476191,0.61875,0.2254874954752547,0.6365982490433679
1225,0.7789062499999999,0.8523496676593533,0.7113071371291099,0.709375,0.18982557912083708,0.557485819863431
1226,0.7335937500000002,0.801096973996375,0.669790628115653,0.66875,0.2101711320006806,0.5998683421176926
1227,0.76953125,0.836037544324311,0.7069199457259159,0.709375,0.1961568088068812,0.569802204747902
1228,0.86640625,0.9239670624477456,0.803125,0.803125,0.15172341940129738,0.46602638572694727
1229,0.6976562499999999,0.7804969810281303,0.6790075596045746,0.68125,0.2269287837622643,0.6440672820536751
1230,0.78515625,0.8264722484558731,0.6857142857142857,0.684375,0.1987574608597304,0.5793798242646877
1231,0.7843749999999999,0.8677046006785257,0.7319223985890653,0.73125,0.18915474531455953,0.5542776142503839
1232,0.75859375,0.8378415511052599,0.6643356643356644,0.665625,0.20490225570308987,0.5937500189377877
1233,0.7546875,0.8325517125900256,0.7013628283626308,0.7,0.20402489099022605,0.5838012634131304
1234,0.6234375000000001,0.7188208696456267,0.6,0.6,0.24347713627932688,0.6824400098831113
1235,0.73515625,0.8133273411855925,0.7037037037037037,0.703125,0.2152833736382723,0.6166538938203137
1236,0.6898437499999999,0.7689701732529624,0.6377708978328174,0.640625,0.22601581704391224,0.6399015907687403
1237,0.77109375,0.8210801316606271,0.7559322033898306,0.753125,0.19419581193311647,0.5660793106625364
1238,0.7710937500000001,0.8552677755851118,0.7356521739130435,0.740625,0.19314388043867747,0.567801700488453
1239,0.7789062499999999,0.8350344263264674,0.7616358325219085,0.7625,0.19695962089519214,0.5753588547668004
1240,0.8226562500000001,0.8635576278069961,0.7428571428571429,0.740625,0.1845386824329447,0.5462673122994148
1241,0.7359375,0.8162715700677665,0.6625,0.6625,0.21183816336528954,0.6062749064750376
1242,0.734375,0.8134153934669608,0.7013628283626308,0.7,0.21689722057447453,0.6282927584843783
1243,0.7703125000000001,0.8483546567891078,0.7213622291021672,0.725,0.19764481992273078,0.5778334390695449
1244,0.8046875,0.8566173368266339,0.7559322033898306,0.753125,0.1829920975585927,0.541422461882062
1245,0.8,0.8665107243685267,0.8041958041958042,0.80625,0.1890352263396527,0.5541069720740409
1246,0.7757812500000001,0.8477706656464384,0.6934984520123839,0.696875,0.19473647282404302,0.5670858156451467
1247,0.8507812499999999,0.8819689779541211,0.7883597883597884,0.7875,0.16451681498370205,0.5027221692904607
1248,0.75546875,0.8385465660106537,0.7167584579071598,0.715625,0.20991466328571295,0.6066981297598167
1249,0.778125,0.8462199069922206,0.6785714285714286,0.678125,0.19408840686376413,0.5636412230799464
1250,0.73984375,0.8345118071482831,0.6857142857142857,0.684375,0.21562419324618085,0.6179065276660466
1251,0.7023437499999999,0.8051175617581753,0.6656346749226006,0.66875,0.2149004017478934,0.6170242866598992
1252,0.75703125,0.8316481256958125,0.737012987012987,0.734375,0.2072802621475419,0.5971620328597214
1253,0.8179687499999999,0.876303922578419,0.7202797202797203,0.721875,0.17419879486501935,0.518446367027549
1254,0.740625,0.8296014225713237,0.6601101494885917,0.659375,0.20548734310881672,0.5884842710630065
1255,0.8078125,0.880832720592586,0.7616358325219085,0.7625,0.17089862753579305,0.5087523196590082
1256,0.8906249999999999,0.9121284733261902,0.8571428571428572,0.853125,0.1469489866964938,0.45670238465534296
1257,0.80234375,0.8557857469257741,0.7205311542390194,0.71875,0.1856606251888099,0.5484017838211985
1258,0.84921875,0.9070994678396308,0.7559322033898306,0.753125,0.17137387176705549,0.5101558575203701
1259,0.7984375,0.8764600322058211,0.7113071371291099,0.709375,0.18237236970042853,0.5362106974114302
1260,0.796875,0.8558107110235856,0.7037037037037037,0.703125,0.1801917089923003,0.5327260547571799
1261,0.7492187499999999,0.8498640794489611,0.6246992782678429,0.625,0.20429352700593537,0.5854663258227907
1262,0.690625,0.8056703508134763,0.6363636363636364,0.6375,0.22384956224051555,0.6294793220262132
1263,0.6695312499999998,0.7972963823317628,0.6643356643356644,0.665625,0.2318704122204924,0.6594749747275471
1264,0.8109375,0.8725090996013327,0.6857142857142857,0.684375,0.18226045095970533,0.5363246735091419
1265,0.72578125,0.8400221790066512,0.669790628115653,0.66875,0.22228515316708006,0.6346662111096875
1266,0.68359375,0.7773849289264718,0.6190476190476191,0.61875,0.22583490941579523,0.6423182634097311
1267,0.85390625,0.8955594222242714,0.7734067663257278,0.771875,0.1568526884121327,0.47693057017550444
1268,0.6000000000000001,0.7441324978943797,0.5115332428765265,0.5125,0.2541207720731715,0.699282984235448
1269,0.7867187499999999,0.871415676255147,0.7142857142857142,0.7125,0.19211372054763365,0.5652515835432066
1270,0.6828125,0.7810435783062362,0.634375,0.634375,0.21980848619249527,0.6273591413359378
1271,0.7890625,0.8643774389365999,0.6923076923076923,0.69375,0.18079888692095747,0.5327333306343509
1272,0.82890625,0.8822270014899766,0.7013628283626308,0.7,0.1686722798596687,0.5060753542015868
1273,0.7367187500000001,0.8171668137032857,0.7055501460564753,0.70625,0.21028800003660789,0.6015986801146977
1274,0.7375,0.8230862935608234,0.6535685645549318,0.653125,0.20985831784320497,0.598033215034358
1275,0.871875,0.9080921280819546,0.8,0.796875,0.16062931684123158,0.49055407152391894
1276,0.8843749999999999,0.9291613310217963,0.8457643622200585,0.846875,0.1547679448374492,0.47843877539646457
1277,0.8484375,0.8834538910022263,0.8151293699387715,0.8125,0.16324667071298107,0.4916867983632641
1278,0.75390625,0.8212202576942214,0.669790628115653,0.66875,0.19805082275682326,0.5697292575115025
1279,0.8078125,0.8739521002418437,0.7167584579071598,0.715625,0.17942661642478142,0.5229127991879253
1280,0.7671875,0.846969101891695,0.7450826121164438,0.74375,0.19592382617804274,0.5721919913490451
1281,0.8304687499999999,0.8885230020931103,0.6950998185117967,0.69375,0.17400010330400828,0.5145189485267069
1282,0.796875,0.8556972064985022,0.7348323318472572,0.7375,0.18725027654825713,0.5486937639040627
1283,0.8765625,0.922697078990399,0.7866877345447363,0.784375,0.15213934510224397,0.469019501641563
1284,0.7953125,0.8520597825777859,0.7298044637566661,0.728125,0.18666450804527862,0.548490952835953
1285,0.77265625,0.836465750119554,0.7319223985890653,0.73125,0.19797202749441237,0.5809172351592445
1286,0.7382812499999999,0.8328200878676473,0.6444795575745605,0.64375,0.21186633120774603,0.6055971801134934
1287,0.81484375,0.8805659549146819,0.7037037037037037,0.703125,0.17521803657258905,0.518139129236306
1288,0.8101562499999999,0.8695851808631506,0.7272183449651046,0.725,0.18503386625179583,0.5495812131397942
1289,0.8312499999999999,0.8873851734984152,0.737012987012987,0.734375,0.17118536697655765,0.5099688951199668
1290,0.7921874999999999,0.8528973129534689,0.7272183449651046,0.725,0.19363816979796086,0.5661021197100946
1291,0.80078125,0.8623633496788577,0.7401764234161989,0.7375,0.18304562033715782,0.5433147365981856
1292,0.80625,0.8663930313101409,0.7335929892891919,0.734375,0.17986760176174846,0.5356525649161513
1293,0.7359375,0.818368458706645,0.6444795575745605,0.64375,0.2026861091260456,0.5751104509330494
1294,0.696875,0.8190855305718582,0.6571428571428571,0.65625,0.21961076757719925,0.6227258035962913
1295,0.853125,0.8953029969544419,0.7690457097032879,0.765625,0.16382860374281114,0.4933187887940806
1296,0.77734375,0.8434347284677209,0.71875,0.71875,0.19094311605512138,0.5641061447176843
1297,0.85546875,0.915749098431395,0.8194096083349411,0.83125,0.15194762723353353,0.46640521104256827
1298,0.79765625,0.8603580605597799,0.7222222222222222,0.73125,0.1851009021112008,0.5474493301024524
1299,0.87421875,0.9055693746855391,0.8112522686025407,0.80625,0.16529482473120596,0.5049923776475708
1300,0.8296875,0.8900852479176182,0.7037037037037037,0.703125,0.1723496734619676,0.511221265310932
1301,0.7531249999999999,0.8365628237939313,0.7319223985890653,0.73125,0.20269525794510526,0.5821175318776528
1302,0.74453125,0.82071273976495,0.6865021770682148,0.6875,0.20969279117501322,0.6036012945775024
1303,0.8257812500000001,0.8646115016481423,0.746875,0.746875,0.1749543557970091,0.5218905529532523
1304,0.80078125,0.8798469730224475,0.6985044865403789,0.696875,0.18358422402179303,0.5362538635626455
1305,0.84765625,0.895721402823971,0.7559322033898306,0.753125,0.1666253029169454,0.5017801704025846
1306,0.7250000000000001,0.8135209365172852,0.7167584579071598,0.715625,0.2151206483478117,0.6146374719910469
1307,0.825,0.8857094603739705,0.7734067663257278,0.771875,0.17010815205927543,0.509238745451409
1308,0.7710937499999999,0.8420099519273061,0.6754850088183422,0.675,0.19570537353061582,0.5717304744840878
1309,0.7632812500000001,0.8568619217537984,0.6370235934664247,0.6375,0.20540145625337555,0.5926425293445338
1310,0.7390625,0.8017270993744927,0.6799999999999999,0.684375,0.2088296655471084,0.5985754931408781
1311,0.7414062499999999,0.8336217348470608,0.6472663139329806,0.646875,0.2077262426648269,0.5926671751059096
1312,0.8078124999999999,0.8625756110265259,0.7401764234161989,0.7375,0.17947566823660266,0.5332984185384987
1313,0.80546875,0.8638676641685993,0.7142857142857142,0.7125,0.19007060392768815,0.5562318675102156
1314,0.828125,0.8796915313013376,0.746875,0.746875,0.17158569242977195,0.5106682921090684
1315,0.7828125,0.8688961002148518,0.7492260061919505,0.753125,0.18639037051299892,0.5455771998044745
1316,0.7367187499999999,0.7948754898413276,0.690625,0.690625,0.21222927975365322,0.6161788810638031
1317,0.8171875,0.8789398102819784,0.7077922077922079,0.70625,0.17901416757276112,0.5307865045910825
1318,0.7109375000000001,0.8124800812971547,0.6472663139329806,0.646875,0.21591340750984164,0.6179945289197206
1319,0.7046875,0.7915153421871947,0.6246992782678429,0.625,0.22373379229378085,0.632969895890456
1320,0.7468750000000001,0.8303264142780515,0.7213622291021672,0.725,0.19789651809772135,0.5738171403050383
1321,0.86953125,0.9168489643520509,0.7906571040899399,0.79375,0.15663841949970778,0.4809693093452143
1322,0.8039062499999999,0.8707546497500951,0.7450826121164438,0.74375,0.18432797098431675,0.5435203720094285
1323,0.76953125,0.8326351526431639,0.6934984520123839,0.696875,0.1976786949643246,0.5716028489342173
1324,0.74296875,0.811380983934109,0.7013628283626308,0.7,0.20477760999879027,0.589218301825419
1325,0.7593750000000001,0.8435028426919576,0.7167584579071598,0.715625,0.1951534680980729,0.5665361047664101
1326,0.7218749999999998,0.8145622882000157,0.6285714285714286,0.628125,0.20157059765067972,0.5821168589819362
1327,0.7117187500000001,0.8006663035601239,0.6472663139329806,0.646875,0.2208164936442508,0.6271825981598819
1328,0.83984375,0.8888282034261359,0.7482517482517483,0.75,0.16271032626384008,0.4915372560293982
1329,0.8070312499999999,0.8669046644968668,0.7142857142857142,0.7125,0.18658168353941124,0.5519340962818764
1330,0.7484375,0.8448536815776818,0.6729211929685956,0.671875,0.19543825895429334,0.5679897882102422
1331,0.70078125,0.8217896985552257,0.5875962867864902,0.5875,0.2181363272419536,0.6160003247039013
1332,0.7554687499999999,0.8157998860094766,0.6884343036978757,0.6875,0.19955170289597188,0.5808061900953876
1333,0.8921875000000001,0.9271410618083261,0.8457643622200585,0.846875,0.13899232821231186,0.43820822689120176
1334,0.75,0.8389110934480601,0.6729211929685956,0.671875,0.20554873957727093,0.5897934113642308
1335,0.8890625,0.9236760637702186,0.8191304347826087,0.825,0.14108974288073825,0.43911569575453296
1336,0.87890625,0.9137789099603661,0.7866877345447363,0.784375,0.1445025293835898,0.44069430180784686
1337,0.80625,0.8722634097042583,0.6985044865403789,0.696875,0.18012989436211044,0.5326547822293501
1338,0.8101562499999999,0.8770927963402906,0.7167584579071598,0.715625,0.17949900501562446,0.5279769026571791
1339,0.77890625,0.8596346775795957,0.6571428571428571,0.65625,0.1893096116322157,0.5500963908081317
1340,0.84375,0.8966790815191474,0.7734067663257278,0.771875,0.16372446047245523,0.492632688559996
1341,0.7703125,0.8458034761919387,0.7037037037037037,0.703125,0.19768099791126337,0.5776375436560627
1342,0.7562500000000001,0.8452338185474476,0.6656346749226006,0.66875,0.193685594619075,0.5613919511757706
1343,0.81484375,0.8649109465090862,0.7690457097032879,0.765625,0.17741452768660398,0.5267911550141021
1344,0.77421875,0.8286212377410201,0.7335929892891919,0.734375,0.1943818236697681,0.564092359201972
1345,0.7843749999999999,0.8386254502532997,0.6934984520123839,0.696875,0.19072479777150533,0.5559994081096195
1346,0.81796875,0.8863733091416283,0.7906571040899399,0.79375,0.17812927368166706,0.5276970332323876
1347,0.7984375000000001,0.8543881042863518,0.7348323318472572,0.7375,0.18365978023163723,0.5412378491093345
1348,0.80078125,0.8767331459883945,0.7037037037037037,0.703125,0.18507168309228592,0.545553076130542
1349,0.80078125,0.8621554319004601,0.7241379310344828,0.721875,0.18818981538586238,0.5566964763628661
1350,0.84375,0.8898206324144003,0.7492260061919505,0.753125,0.16439874588066183,0.4925532022284131
1351,0.79609375,0.8562399686284214,0.7163591125855276,0.715625,0.1861761860818289,0.5454317876651111
1352,0.853125,0.9128069258644925,0.737012987012987,0.734375,0.17853819045051633,0.5295396106319219
1353,0.7007812499999999,0.8021122281993986,0.6775073028237586,0.678125,0.21701529008642614,0.61745980094
1354,0.7140624999999999,0.8213638778543925,0.6,0.6,0.21555231480582826,0.6144545651325939
1355,0.72578125,0.8272372843355721,0.6729211929685956,0.671875,0.21586069965529586,0.6226082795479316
1356,0.81171875,0.8802906639973047,0.669790628115653,0.66875,0.17483041639953917,0.5206252503177863
1357,0.64453125,0.7381559402515959,0.6160379221805253,0.615625,0.2356707987640987,0.6653935837789651
1358,0.8484375000000001,0.905143465935576,0.7896786757546251,0.790625,0.15933556088024575,0.48694274050844416
1359,0.7726562499999999,0.8567258297965701,0.722007722007722,0.728125,0.19590278168250722,0.5742613239413754
1360,0.6921875,0.7898918751351311,0.6521739130434783,0.65625,0.22553152458302922,0.6409766036767154
1361,0.81640625,0.8730127160349327,0.6884343036978757,0.6875,0.17999809387298418,0.5311712253759663
1362,0.80390625,0.8556007779755453,0.7319223985890653,0.73125,0.1780065813666578,0.5235381249705492
1363,0.75546875,0.8445693098053242,0.6079854809437386,0.609375,0.19902412585396775,0.5783956736368285
1364,0.8312499999999999,0.8844987180522379,0.7482517482517483,0.75,0.17747954284405887,0.529499415077983
1365,0.7062499999999999,0.7879253869603168,0.6386100386100386,0.64375,0.2221931142468164,0.6336000606244048
1366,0.84296875,0.8945577350549395,0.791304347826087,0.796875,0.16286793512489206,0.48783075943687304
1367,0.78203125,0.8547186883924108,0.6785714285714286,0.678125,0.19022140980961613,0.5539133450283962
1368,0.728125,0.8203699476656485,0.6754850088183422,0.675,0.21086577471283888,0.6089155961618427
1369,0.75703125,0.8322174184574754,0.6884343036978757,0.6875,0.1992178352311266,0.5762541587320996
1370,0.7234375000000001,0.8192931361179495,0.6660617059891107,0.665625,0.21061999087451053,0.609862532065955
1371,0.87578125,0.9174248163997455,0.803125,0.803125,0.15316067606085737,0.46995858186511313
1372,0.84765625,0.9030753038667032,0.7627447179685987,0.765625,0.17056238044758062,0.5153275560125959
1373,0.7109375,0.8208719525327346,0.690625,0.690625,0.21769030658820687,0.624278625738786
1374,0.81484375,0.8478328215787856,0.7616358325219085,0.7625,0.1826482967114887,0.5423416530202507
1375,0.896875,0.9287964045401057,0.8321678321678322,0.834375,0.14201619723312275,0.44526635413280435
1376,0.7820312500000001,0.8716221022664414,0.7770897832817337,0.78125,0.17923415443182045,0.5361504595577574
1377,0.8171875,0.8875508696921819,0.7167584579071598,0.715625,0.17721577883963607,0.5259237318473298
1378,0.7257812499999999,0.830474241531967,0.6790075596045746,0.68125,0.20516009615276165,0.5920664895264323
1379,0.7617187499999999,0.8284230709783731,0.6923076923076923,0.69375,0.20158468374131824,0.5835202504023685
1380,0.7421874999999999,0.8125445465992652,0.7113071371291099,0.709375,0.21553102174203634,0.6206762816893516
1381,0.77421875,0.8321037846788728,0.7319223985890653,0.73125,0.19541382182865283,0.569498367968041
1382,0.7515625000000001,0.8343055550282598,0.7241379310344828,0.721875,0.19852093768413256,0.570145062450641
1383,0.7499999999999999,0.8238085950145411,0.7142857142857142,0.7125,0.20983069670012552,0.6064165905727865
1384,0.8625,0.9064169279298866,0.8017309205350118,0.8,0.15667883831178772,0.48108644350806684
1385,0.7593749999999999,0.8302578702847457,0.7013628283626308,0.7,0.20211421255978215,0.5846145962344109
1386,0.77109375,0.8635947311138775,0.669790628115653,0.66875,0.193633816509361,0.5607656344768563
1387,0.73984375,0.8130655918949091,0.6729211929685956,0.671875,0.20657227037742773,0.5930131949278257
1388,0.78984375,0.8575890577400359,0.669790628115653,0.66875,0.18444807656901618,0.5357457890106869
1389,0.7523437500000001,0.8253537841986278,0.7013628283626308,0.7,0.20580131290636405,0.5900549334258063
1390,0.7921875,0.8650362493802989,0.7213622291021672,0.725,0.1851363744492463,0.5473245428837648
1391,0.7437499999999999,0.8210605774585282,0.6601101494885917,0.659375,0.20375402531590178,0.5857429262563153
1392,0.8289062500000001,0.8682992830221886,0.7492260061919505,0.753125,0.17888212855925742,0.5353483368447651
1393,0.7148437499999999,0.8047965006748788,0.6664092664092665,0.671875,0.22372702405377737,0.6361509386430633
1394,0.8187500000000001,0.8732740561228635,0.7113071371291099,0.709375,0.18080135115928272,0.5335965189975789
1395,0.83203125,0.884057140009884,0.7348323318472572,0.7375,0.171413690620501,0.5119389384468153
1396,0.75,0.8210575012740013,0.6799999999999999,0.684375,0.20346944567751404,0.5855185060456125
1397,0.8140624999999999,0.8726223298007997,0.7582460991507012,0.75625,0.17020394333465702,0.5081371891996689
1398,0.7117187500000001,0.7951440262718128,0.6535685645549318,0.653125,0.21874870300785076,0.6284309655322237
1399,0.7390625,0.8366685464434579,0.7055501460564753,0.70625,0.20223948686623947,0.5854800026914886
1400,0.8359375,0.8834709469599445,0.7582460991507012,0.75625,0.17023209555534166,0.512443855708359
1401,0.84765625,0.9011368330535439,0.7205311542390194,0.71875,0.1659410949583613,0.4967907499822846
1402,0.82421875,0.8656951001411968,0.7734067663257278,0.771875,0.17861376670548998,0.5322852885655979
1403,0.77578125,0.8348691871287882,0.7113071371291099,0.709375,0.185179267165432,0.5424584152273533
1404,0.8312499999999998,0.8846302201640331,0.7401764234161989,0.7375,0.17692242024709343,0.5224442443467089
1405,0.6984375,0.805356222980973,0.6317859952793077,0.63125,0.2195991658975204,0.6159791873561793
1406,0.8328125,0.8936709335541405,0.7077922077922079,0.70625,0.1762629478039325,0.522496623173928
1407,0.69453125,0.8023083374133392,0.6190476190476191,0.61875,0.21973613290609256,0.6218971420010098
1408,0.7273437500000002,0.8208314340181935,0.6729211929685956,0.671875,0.22048208518686185,0.6328850679584473
1409,0.825,0.8876029084443613,0.775,0.775,0.17115685849320605,0.5098273689945803
1410,0.88984375,0.9321146018728139,0.842073778664008,0.8375,0.14256312903378685,0.4486912485416236
1411,0.8179687500000001,0.8825237385103424,0.7582460991507012,0.75625,0.1805703441107703,0.536064736481532
1412,0.80390625,0.8596106027723825,0.6790075596045746,0.68125,0.17499572994765775,0.5170170786006177
1413,0.775,0.8311430027641392,0.7069199457259159,0.709375,0.19608086500274968,0.5711025167782409
1414,0.8265625,0.8535908308167788,0.7770897832817337,0.78125,0.17974400393997725,0.538201358393986
1415,0.7984375,0.8650236064127941,0.7272183449651046,0.725,0.18035606976350607,0.5351512026727208
1416,0.7734375,0.8257477314858215,0.690625,0.690625,0.1926781552923309,0.5597720221992888
1417,0.71875,0.8216990151992151,0.6370235934664247,0.6375,0.21581089701284645,0.6118673172291623
1418,0.75,0.8259733205523198,0.746875,0.746875,0.21213701507852317,0.6148465685444892
1419,0.7796875000000001,0.8535686236065153,0.7167584579071598,0.715625,0.19097861378981815,0.5602184267078768
1420,0.78125,0.8523414544531747,0.6754850088183422,0.675,0.19111113297595578,0.55360874926046
1421,0.83828125,0.8926910406481791,0.6785714285714286,0.678125,0.17960431607780222,0.524307682348417
1422,0.8203125,0.8836345026025132,0.7559322033898306,0.753125,0.1780279176606597,0.5267275371860103
1423,0.790625,0.8655074415274413,0.7272183449651046,0.725,0.18951118540727777,0.5560885001780799
1424,0.8148437500000001,0.8640531643372524,0.6754850088183422,0.675,0.1727675570744105,0.5157975758250821
1425,0.7953125000000001,0.8505511795617238,0.7142857142857142,0.7125,0.18071042293418021,0.5353123445120956
1426,0.8078124999999999,0.8519831403658685,0.7714285714285714,0.76875,0.1850759672008801,0.545098716802523
1427,0.753125,0.798553647279407,0.7450826121164438,0.74375,0.2089563851298123,0.5996899485440742
1428,0.7960937500000002,0.8665462218492592,0.7142857142857142,0.7125,0.1835121800529305,0.536817618940892
1429,0.8718750000000001,0.9052494921497329,0.8177215189873418,0.81875,0.16027841815708857,0.4869314094201403
1430,0.8187500000000001,0.8768143252742692,0.7142857142857142,0.7125,0.1718056239746922,0.5118637367129675
1431,0.82890625,0.8793453156924895,0.7762237762237763,0.778125,0.18189433682897482,0.5351006879239928
1432,0.7718750000000001,0.859981098422764,0.7319223985890653,0.73125,0.1960540345260834,0.5740447529918813
1433,0.8859375,0.9248536094656282,0.7793667007150153,0.775,0.1463969865056892,0.4497023271216885
1434,0.84765625,0.903569945748919,0.7559322033898306,0.753125,0.173236512859973,0.5193201684450146
1435,0.7617187500000001,0.8325061841967236,0.7482517482517483,0.75,0.19731499019822188,0.5699854755127105
1436,0.8023437499999999,0.8655052405608332,0.7167584579071598,0.715625,0.18022423637415036,0.5272669545172558
1437,0.81796875,0.8748803592899892,0.6985044865403789,0.696875,0.17630026874320903,0.5227595931953457
1438,0.6484375,0.7723746971604805,0.6231827873618918,0.625,0.2468875789976425,0.6919798891265095
1439,0.8023437499999999,0.8836074521676265,0.775,0.775,0.17938128791541696,0.5318847425158475
1440,0.8125000000000001,0.8750037260702175,0.6884343036978757,0.6875,0.18053900422343444,0.5261496176973801
1441,0.72890625,0.8273682765872703,0.6799999999999999,0.684375,0.20398518683726344,0.5827967107102089
1442,0.8164062499999999,0.8893452997330175,0.6857142857142857,0.684375,0.17869540823819222,0.5264762138195018
1443,0.7984375,0.8676613305388019,0.7492260061919505,0.753125,0.18039739090999615,0.5380069083060756
1444,0.76015625,0.8227784014132113,0.7356521739130435,0.740625,0.2033450452884293,0.5908208530509315
1445,0.8531249999999999,0.9083315800344743,0.7582460991507012,0.75625,0.1567290172854618,0.47622926570883983
1446,0.77890625,0.8497786563125599,0.7167584579071598,0.715625,0.1798738030726998,0.5284699821841511
1447,0.8,0.8687722737081883,0.7601410934744268,0.759375,0.17668002092809976,0.5253070827005035
1448,0.84375,0.8894792503878592,0.7846460618145563,0.78125,0.1720303612608606,0.515152224306116
1449,0.8390625,0.9095920953379647,0.59375,0.609375,0.18218756534261177,0.526082912125143
1450,0.7375,0.8378175228094733,0.6923076923076923,0.69375,0.21176106168288536,0.612180780251676
1451,0.80859375,0.8832955793925907,0.7627447179685987,0.765625,0.1797700461377133,0.5331592889421551
1452,0.8460937499999999,0.888849572144451,0.7690457097032879,0.765625,0.161673067642084,0.4892712767542102
1453,0.7734375,0.8588978309047977,0.6535685645549318,0.653125,0.19483003425683754,0.5613510814606593
1454,0.7585937500000001,0.833739210138293,0.7202797202797203,0.721875,0.20479767655587058,0.5961687582163263
1455,0.8046875000000001,0.866178323426741,0.7055501460564753,0.70625,0.1729622464682307,0.5154228039992423
1456,0.659375,0.7874612077897023,0.5653359298928919,0.565625,0.23322613248403712,0.6552309878369439
1457,0.71484375,0.7912851631254177,0.669790628115653,0.66875,0.21330073579720815,0.6100255502400568
1458,0.78828125,0.862359790378974,0.6923076923076923,0.69375,0.18755739508153924,0.5546342201872845
1459,0.7851562500000001,0.8676293543766747,0.6785714285714286,0.678125,0.19173577787786622,0.5566751037626747
1460,0.775,0.8551249179865738,0.6775073028237586,0.678125,0.18939402381187956,0.5502544054983025
1461,0.8015625000000001,0.8767756158480128,0.71875,0.71875,0.1835178184997955,0.5457248981693257
1462,0.6687500000000001,0.7569316318605669,0.6444795575745605,0.64375,0.23404990041552332,0.6580417023483428
1463,0.81328125,0.8791051499248365,0.7531760435571688,0.75,0.1795874846577128,0.5311207872456192
1464,0.81640625,0.8771846456224607,0.7055501460564753,0.70625,0.17683226034818464,0.5252837273880242
1465,0.728125,0.8122908989326026,0.6775073028237586,0.678125,0.21133716323766766,0.608403408994915
1466,0.8328125,0.8900067851939089,0.6989966555183946,0.7,0.17641305234818527,0.5238417199843117
1467,0.8124999999999999,0.8716834513202991,0.7734067663257278,0.771875,0.17705867565559383,0.5231004766927754
1468,0.7109375,0.8138826710194796,0.6317859952793077,0.63125,0.2261185877560907,0.6418281551872504
1469,0.80390625,0.8740799266618645,0.7272183449651046,0.725,0.1800578781469905,0.5327144929574694
1470,0.8304687499999999,0.869041558305543,0.7582460991507012,0.75625,0.1747742112935295,0.5259237213854706
1471,0.7765624999999999,0.8607483226029898,0.6824378508420208,0.68125,0.1957534060878411,0.5656218202056303
1472,0.7976562500000001,0.8603827849832802,0.690625,0.690625,0.1827888720007739,0.5340812079016292
1473,0.7640625,0.8443157873653417,0.6985044865403789,0.696875,0.19707664900981842,0.5737221294570356
1474,0.7570312500000002,0.8169219821181319,0.6884343036978757,0.6875,0.19948876447547317,0.5804548653444562
1475,0.78515625,0.858899167930251,0.6824378508420208,0.68125,0.180032112502639,0.5329108239266772
1476,0.7296875,0.8257587007122188,0.6083916083916084,0.609375,0.2045492636766354,0.5821201773594313
1477,0.8109374999999999,0.8764951022048515,0.7037037037037037,0.703125,0.18348134407223002,0.5446180529218717
1478,0.7078125000000001,0.8091741422728473,0.6123629112662015,0.6125,0.21351572316105186,0.6036448318163323
1479,0.8546875,0.9204233279290618,0.746875,0.746875,0.16397751467175453,0.49921213360768607
1480,0.8,0.8735340679299143,0.7616358325219085,0.7625,0.18217987199485655,0.5393701139835047
1481,0.78984375,0.8744907201055252,0.7037037037037037,0.703125,0.1897979827941801,0.555907585810749
1482,0.92421875,0.9545688630332254,0.8583792289535799,0.85625,0.1368144097917179,0.4355760672530585
1483,0.83203125,0.8975464942834914,0.7762237762237763,0.778125,0.1716042544569119,0.5113357746178575
1484,0.7875,0.8573669150418173,0.6923076923076923,0.69375,0.18987711916735556,0.5509719936456493
1485,0.7890625,0.8304981940926677,0.7450826121164438,0.74375,0.19085905455628657,0.5595884194614871
1486,0.75234375,0.8478812024322325,0.6571428571428571,0.65625,0.20617135518548763,0.5930012145273547
1487,0.76953125,0.810532636257474,0.746875,0.746875,0.20179332793878668,0.5906497929485633
1488,0.7679687500000001,0.8361487593826022,0.746875,0.746875,0.19530644039515735,0.5707573475285146
1489,0.853125,0.8994357475596322,0.8017309205350118,0.8,0.1622951202385709,0.4901812843045228
1490,0.8007812500000001,0.8539926572717018,0.7319223985890653,0.73125,0.18309206157466654,0.5385377058753321
1491,0.83203125,0.8921249491249493,0.746875,0.746875,0.17491430429385366,0.5233960200872186
1492,0.86796875,0.911799170411414,0.775,0.775,0.15633951120358794,0.47936330913086717
1493,0.86640625,0.8988390945948491,0.803125,0.803125,0.1606061531682595,0.49136712078528055
1494,0.7804687499999999,0.8593878663165513,0.7319223985890653,0.73125,0.19034736184554693,0.5601538042217656
1495,0.8046875,0.8676629894999461,0.6824378508420208,0.68125,0.1778874048061255,0.5264681952642305
1496,0.6906249999999999,0.7666229531623099,0.6643356643356644,0.665625,0.2249317476148583,0.6407253919927194
1497,0.73046875,0.8259760573969338,0.6444795575745605,0.64375,0.2038960893059534,0.5824659920993378
1498,0.759375,0.8293177778476417,0.7013628283626308,0.7,0.1935413192364063,0.5629224742862389
1499,0.7867187499999999,0.8772688185101768,0.669790628115653,0.66875,0.18649019963396957,0.5407424157870264
1500,0.78828125,0.8612693373494265,0.7167584579071598,0.715625,0.1853415251284134,0.5456012339422721
1501,0.86328125,0.9022518700271227,0.7531760435571688,0.75,0.15892472093589324,0.483698377349172
1502,0.6515624999999999,0.777693610098879,0.6494644595910419,0.65,0.23397791569321966,0.6632288895751367
1503,0.73984375,0.8235522729836386,0.6790075596045746,0.68125,0.20404909477251826,0.5875571539929879
1504,0.70625,0.7971011341420803,0.6285714285714286,0.628125,0.21690100571718907,0.6206668046662295
1505,0.7640625,0.8527537743546593,0.6790075596045746,0.68125,0.19486043168522438,0.5680865497122832
1506,0.8093750000000001,0.8864743185361205,0.7113071371291099,0.709375,0.18379634854395377,0.5356763290136295
1507,0.77578125,0.8510169961738945,0.7335929892891919,0.734375,0.1982132537747236,0.5785561923823006
1508,0.7281249999999999,0.8180560177730133,0.7078260869565217,0.7125,0.2088313516728143,0.6019711718951035
1509,0.8296875,0.8798264879054505,0.7846460618145563,0.78125,0.18138689515452788,0.5410257678179862
1510,0.8171875,0.8690100476282537,0.6785714285714286,0.678125,0.17550825593060843,0.5192139619522492
1511,0.6796875000000001,0.7860597114655777,0.6246992782678429,0.625,0.236840393575247,0.6605984878513591
1512,0.721875,0.8079703276789952,0.7055501460564753,0.70625,0.21770045142424196,0.6296266417691219
1513,0.7859375000000002,0.8359697344702085,0.7078260869565217,0.7125,0.19171274223641305,0.5642469678127093
1514,0.8664062499999999,0.905486084806022,0.8017309205350118,0.8,0.15803717229406808,0.48250700066493263
1515,0.73984375,0.8438084427722172,0.7319223985890653,0.73125,0.2075785938918101,0.6033639272828295
1516,0.6749999999999999,0.7800367681133753,0.6799999999999999,0.684375,0.23663577628995242,0.6696070408342629
1517,0.81953125,0.8794903686979927,0.690625,0.690625,0.17415362285634683,0.5173330742555667
1518,0.8445312500000001,0.8926137599636377,0.7866877345447363,0.784375,0.1628600181430266,0.4949662896546434
1519,0.7984375,0.8588400647788603,0.7115749525616698,0.7125,0.17637285227504262,0.5208498601015381
1520,0.7375,0.8368896613035421,0.6790075596045746,0.68125,0.20916860484155753,0.5998209201001146
1521,0.78203125,0.8455758133369758,0.7319223985890653,0.73125,0.1911589290396749,0.5613528426498413
1522,0.753125,0.8400150583875171,0.6625,0.6625,0.19530350229848828,0.565950942368346
1523,0.72734375,0.8041195716347452,0.6625,0.6625,0.2135888103468337,0.6129679984311378
1524,0.79375,0.8679263694152212,0.7142857142857142,0.7125,0.17889833239778893,0.523255943464231
1525,0.7609375,0.8482120059971949,0.6625,0.6625,0.19854459615228104,0.5750230219435402
1526,0.86328125,0.9149225756233766,0.7690457097032879,0.765625,0.1580759482289381,0.4809685341413925
1527,0.828125,0.8791938644244901,0.7450826121164438,0.74375,0.16847278795724244,0.5034971501045384
1528,0.69140625,0.8113133652041332,0.6410767696909272,0.640625,0.22324335893066793,0.628748745127352
1529,0.76171875,0.8462535253422026,0.6387959866220736,0.64375,0.20660445611399653,0.5882024319806006
1530,0.8421875,0.9030878006024875,0.6950998185117967,0.69375,0.16432855644639763,0.48726820069109955
1531,0.7999999999999999,0.861214660576683,0.7450826121164438,0.74375,0.18473396697682476,0.5436965461801234
1532,0.790625,0.8555105303886358,0.7482517482517483,0.75,0.1868923493880705,0.5476405867193392
1533,0.7664062500000001,0.8406164719516888,0.6571428571428571,0.65625,0.19298374147201053,0.5635061818228276
1534,0.79453125,0.8693762081319633,0.7069199457259159,0.709375,0.1834425763121267,0.5408469162889402
1535,0.7250000000000001,0.8263719114715715,0.6643356643356644,0.665625,0.21432420289393614,0.6149232668619664
1536,0.8875,0.9213740851289168,0.8,0.796875,0.14431808481239097,0.44726997861560425
1537,0.7484375,0.8198162039340423,0.6950998185117967,0.69375,0.19737956640093682,0.5673508259687767
1538,0.82421875,0.8766779965326563,0.7319223985890653,0.73125,0.17501579957229843,0.5216272712484542
1539,0.64296875,0.7408393705043019,0.6190476190476191,0.61875,0.23717930019119246,0.6655323956003745
1540,0.8765624999999999,0.9215266425211831,0.8285714285714285,0.825,0.1552747863865791,0.4753355393974399
1541,0.6390625,0.7718622829724175,0.5804195804195804,0.58125,0.23563621048042174,0.6596616286865944
1542,0.6671875,0.7546591037820398,0.6034618410700237,0.603125,0.22997742658761636,0.6501309380333775
1543,0.7367187500000001,0.8213062470258159,0.6571428571428571,0.65625,0.21001707132862393,0.6018892784788545
1544,0.78984375,0.8536012839224979,0.7450826121164438,0.74375,0.18880693188078515,0.5542177849123066
1545,0.8265625000000001,0.8797100683905296,0.7690457097032879,0.765625,0.17233195698352388,0.5134434756759906
1546,0.8078125,0.8827201426658161,0.7272183449651046,0.725,0.17325459131026086,0.5173533375483363
1547,0.7289062500000001,0.8226394976996727,0.60625,0.60625,0.20848470220206577,0.5996893369124384
1548,0.8601562500000001,0.9098965279320108,0.8457643622200585,0.846875,0.16698443981585653,0.5058724311171794
1549,0.82421875,0.8788625551020646,0.7272183449651046,0.725,0.1701213249123633,0.5075589209211536
1550,0.7960937499999999,0.8480350213671408,0.7142857142857142,0.7125,0.18614206592604754,0.5479068016294462
1551,0.7640625,0.8598666304499526,0.7627447179685987,0.765625,0.18912643768024234,0.5559613384853902
1552,0.78515625,0.8503254872438636,0.7241379310344828,0.721875,0.19047211651436935,0.5578157189267196
1553,0.76875,0.8503683392095005,0.7055501460564753,0.70625,0.18873064626192715,0.5504689456979341
1554,0.8546875,0.8997093911132115,0.7582460991507012,0.75625,0.16012585344204483,0.4891635499167742
1555,0.7218749999999999,0.8220256737292074,0.6601101494885917,0.659375,0.21092922922395765,0.6036962889951254
1556,0.74765625,0.8374733037843893,0.71875,0.71875,0.2068729123404736,0.5974671931328096
1557,0.828125,0.89483406011847,0.7450826121164438,0.74375,0.17752293164544442,0.5275576209533193
1558,0.8148437500000001,0.8702338629432662,0.7883597883597884,0.7875,0.1778212901698484,0.525722656686824
1559,0.721875,0.8165594781213711,0.6363636363636364,0.6375,0.21176993504387964,0.6045463152004776
1560,0.8578125,0.8873380840307467,0.7734067663257278,0.771875,0.16065595955766687,0.4900119053158757
1561,0.8484375000000001,0.8900006530985793,0.7662337662337663,0.7625,0.1712289751593309,0.5110007788134213
1562,0.82890625,0.8834697874242353,0.7401764234161989,0.7375,0.16566470779500342,0.49907597169315987
1563,0.73046875,0.8390030380564611,0.6472663139329806,0.646875,0.20828474988668125,0.5966882553306989
1564,0.70078125,0.7957565130577481,0.6775073028237586,0.678125,0.21830830328251882,0.6216525866678011
1565,0.8257812499999999,0.8680634343610298,0.7582460991507012,0.75625,0.17307905861855802,0.5147965031175727
1566,0.72890625,0.8140491812045376,0.6444795575745605,0.64375,0.20661047269613417,0.5924943853607006
1567,0.7929687500000001,0.8714443545358806,0.7319223985890653,0.73125,0.1841651672435751,0.5416365942866724
1568,0.79453125,0.8778571536349352,0.7627447179685987,0.765625,0.17793979393336581,0.5327559224732441
1569,0.740625,0.8212464386134443,0.7037037037037037,0.703125,0.20328871292319697,0.5883493540181228
1570,0.6890624999999999,0.7840655382194428,0.634375,0.634375,0.2238731378519705,0.6331827777848772
1571,0.7992187500000001,0.858968618875736,0.7298044637566661,0.728125,0.1824788180545012,0.5381677624905993
1572,0.83515625,0.8916083559452594,0.7428571428571429,0.740625,0.17444280611085844,0.5193361631688731
1573,0.8414062499999999,0.8892041600952159,0.7582460991507012,0.75625,0.17177381807193107,0.5159682384472664
1574,0.7734375000000001,0.8480170339914465,0.7069199457259159,0.709375,0.19351488494304872,0.5667046289913655
1575,0.8117187499999999,0.8673502127196145,0.7866877345447363,0.784375,0.1792039663863188,0.5371500303899097
1576,0.88203125,0.9095826358181011,0.8285714285714285,0.825,0.15443588144788614,0.47712060412905405
1577,0.84765625,0.8913422009714734,0.7419354838709677,0.740625,0.16234990808623975,0.48391577528565083
1578,0.7859375,0.8470669697680017,0.6950998185117967,0.69375,0.18640213721376897,0.5449235697219963
1579,0.7859375,0.8566136009396477,0.6535685645549318,0.653125,0.19361564518679764,0.5600460278128482
1580,0.80078125,0.8809449607635109,0.7335929892891919,0.734375,0.18200637896616143,0.5396996539640908
1581,0.80859375,0.8780705405324254,0.7450826121164438,0.74375,0.1776902530812955,0.5287773289694001
1582,0.828125,0.8765447474509722,0.7428571428571429,0.740625,0.17375870414249728,0.5208198945410436
1583,0.75546875,0.850550404155681,0.6923076923076923,0.69375,0.19240924873611076,0.5614211113892061
1584,0.7898437500000001,0.8692693245175712,0.7167584579071598,0.715625,0.18677664038114494,0.5444500981694654
1585,0.8914062500000001,0.9281750312039745,0.8285714285714285,0.825,0.1454112999493702,0.4537537835809411
1586,0.74375,0.8277354663640926,0.6160379221805253,0.615625,0.1944917007665985,0.5607936531024595
1587,0.7578125,0.8407380570229728,0.7202797202797203,0.721875,0.19852010790086416,0.5751593248625329
1588,0.7585937500000002,0.8476098592377679,0.7013628283626308,0.7,0.19441064275864095,0.5715955731964857
1589,0.7671875,0.8504709373650291,0.6123629112662015,0.6125,0.1995341252512823,0.5753483894969007
1590,0.8046875,0.8539899983287446,0.7142857142857142,0.7125,0.18055895923445894,0.533161134183357
1591,0.834375,0.8781437735022705,0.7846460618145563,0.78125,0.1836460824518663,0.5416398978854615
1592,0.86328125,0.9136693023588461,0.7714285714285714,0.76875,0.1559834143734195,0.47841785242556195
1593,0.8859375,0.9146469579963025,0.7866877345447363,0.784375,0.15194702662668305,0.4651533636290988
1594,0.7718749999999999,0.8431820795631858,0.7202797202797203,0.721875,0.19221073177725911,0.5590771887501728
1595,0.80078125,0.8534584271119374,0.7298044637566661,0.728125,0.1828578364517065,0.5380050195374133
1596,0.7234375,0.8172117778694106,0.6754850088183422,0.675,0.21310078337469823,0.6072799891154419
1597,0.80234375,0.8702348475688043,0.7013628283626308,0.7,0.17428367366558428,0.5204641687561392
1598,0.8195312499999999,0.8888045626837396,0.7113071371291099,0.709375,0.17305852587530185,0.515384925273602
1599,0.6796875,0.7978998087516249,0.6625,0.6625,0.22818787272609622,0.6498240692392258
1600,0.74453125,0.8307864718864917,0.71875,0.71875,0.20647789232264085,0.5953342831594417
1601,0.7765625,0.8473506174419764,0.669790628115653,0.66875,0.1922287912183728,0.5578052742580879
1602,0.7679687500000001,0.8359483519605219,0.7319223985890653,0.73125,0.19668640556493105,0.5769057580997461
1603,0.81171875,0.8815378648983125,0.7450826121164438,0.74375,0.18161590084742796,0.5434931398017699
1604,0.8101562499999999,0.8667291313052814,0.7298044637566661,0.728125,0.18330358311418418,0.5427359552290049
1605,0.85234375,0.8761373848949633,0.7846460618145563,0.78125,0.1577150471979494,0.47996832180890325
1606,0.81953125,0.8677758781728463,0.7298044637566661,0.728125,0.17623344356021683,0.5265283693806465
1607,0.8109375,0.8725125432488113,0.7601410934744268,0.759375,0.17736930192806913,0.5279362660803031
1608,0.7374999999999999,0.814052894570247,0.6643356643356644,0.665625,0.20684877087391573,0.5930021205786983
1609,0.8414062499999999,0.8816805185360875,0.7690457097032879,0.765625,0.16094100558848667,0.4874515980312434
1610,0.7476562499999999,0.8362965440197463,0.7037037037037037,0.703125,0.19836355194744007,0.5748816441002556
1611,0.76015625,0.8298888119113814,0.7013628283626308,0.7,0.20211716588073886,0.5847318235272956
1612,0.6515625,0.7743871311645623,0.5875962867864902,0.5875,0.23819269099772603,0.6660802765697412
1613,0.84921875,0.9100811984596591,0.7582460991507012,0.75625,0.16230848989808017,0.4941411736821859
1614,0.8039062499999999,0.8704467092776407,0.7142857142857142,0.7125,0.1850792622321066,0.5443629680383331
1615,0.7609375,0.8461426029655464,0.6601101494885917,0.659375,0.20321901832618203,0.5832153003293145
1616,0.8039062499999999,0.8640123343898507,0.7360601967972217,0.74375,0.18409106124848432,0.5417678435583893
1617,0.82734375,0.8986336008493017,0.7531760435571688,0.75,0.17780368422182954,0.52957195898059
1618,0.76484375,0.8529081001821591,0.7142857142857142,0.7125,0.1989180674418727,0.5823616679654592
1619,0.7921874999999999,0.87143246547615,0.7482517482517483,0.75,0.19149151294911282,0.5602802730436093
1620,0.76484375,0.8388268103513412,0.6214216163583253,0.621875,0.1972509687378366,0.5689744684438042
1621,0.784375,0.8481575741620033,0.7037037037037037,0.703125,0.18857202359757935,0.5532490026041741
1622,0.7531249999999999,0.8455501500843517,0.6571428571428571,0.65625,0.20213899305021446,0.5843659594079197
1623,0.7234375,0.813359084723581,0.6790075596045746,0.68125,0.21774461885930552,0.6235852562680156
1624,0.8453125,0.889726290464227,0.7734067663257278,0.771875,0.1652114687155841,0.49723636845659974
1625,0.72265625,0.81728001782881,0.6322778345250255,0.634375,0.21059152323172137,0.5999742027075562
1626,0.82265625,0.8708551772990109,0.7582460991507012,0.75625,0.174555927008626,0.5205826208222248
1627,0.74609375,0.8150970523019039,0.6625,0.6625,0.20043503395892484,0.5772763654975415
1628,0.73125,0.825198387550534,0.7356521739130435,0.740625,0.2134226204011594,0.6210229599918367
1629,0.8781249999999999,0.9117626218568861,0.7662337662337663,0.7625,0.15398429846312847,0.4733007046272291
1630,0.8265625000000001,0.8917275648303471,0.7272183449651046,0.725,0.17048322918957834,0.5078551992108071
1631,0.71953125,0.8086998146621897,0.7167584579071598,0.715625,0.21903011345218049,0.6288012465654389
1632,0.93515625,0.9512054934364572,0.8285714285714285,0.825,0.12299837706478906,0.39910717368664406
1633,0.8046875,0.8659141922179651,0.7272183449651046,0.725,0.1796632013201711,0.5308726596848952
1634,0.79765625,0.8538957394600597,0.7272183449651046,0.725,0.18562581381732882,0.54434862118123
1635,0.7359375,0.8182140048504108,0.6410767696909272,0.640625,0.21159862169415408,0.6066921352121759
1636,0.75703125,0.8226582868537194,0.6729211929685956,0.671875,0.2060965521991786,0.5932327436265672
1637,0.7632812499999999,0.8508531745920621,0.6246992782678429,0.625,0.1943668788839133,0.5621760625481415
1638,0.85390625,0.8975268637413498,0.7450826121164438,0.74375,0.16499420123843858,0.4957540482940988
1639,0.80078125,0.8624097380118619,0.6985044865403789,0.696875,0.17955245064439174,0.5317275911613482
1640,0.6656249999999999,0.768840782552919,0.6285714285714286,0.628125,0.2245771975050269,0.6325595490295797
1641,0.8281249999999999,0.8878838403343111,0.746875,0.746875,0.16970736867525082,0.5067944585337414
1642,0.7671874999999999,0.8389076947053862,0.6472663139329806,0.646875,0.18487880053108963,0.5370457323603172
1643,0.82265625,0.8744960865856731,0.7428571428571429,0.740625,0.17525020893613233,0.5213240261400508
1644,0.8203125,0.8772563063557504,0.746875,0.746875,0.171176787443214,0.5124800124721541
1645,0.7585937500000001,0.8323060336788481,0.7077922077922079,0.70625,0.2001021881100566,0.5809814596757094
1646,0.76484375,0.8402069606413388,0.6950998185117967,0.69375,0.19598635086112604,0.5710739631494247
1647,0.7171875,0.7734015165837949,0.6601101494885917,0.659375,0.22086553574001222,0.6300147932207667
1648,0.7265625,0.8116056418505553,0.6190476190476191,0.61875,0.21035654809351798,0.6023096255964973
1649,0.8140624999999999,0.8634380515473542,0.8133599202392822,0.809375,0.18468453162038356,0.5481235953796662
1650,0.825,0.8800371767127907,0.7113071371291099,0.709375,0.17570945285338613,0.5187545966193137
1651,0.8429687499999999,0.8917761448763326,0.775,0.775,0.17343659248453636,0.5240708283509057
1652,0.784375,0.8202700322732095,0.722007722007722,0.728125,0.19813009095436496,0.5774744255035298
1653,0.77578125,0.8330700338057235,0.7069199457259159,0.709375,0.19090564941855456,0.5575651397078352
1654,0.7718749999999999,0.8405554967418153,0.6950998185117967,0.69375,0.1869131876349453,0.5442373625853258
1655,0.81328125,0.876781400071831,0.7319223985890653,0.73125,0.1703352466307294,0.5066584307819322
1656,0.77109375,0.8581700747556718,0.7202797202797203,0.721875,0.19027131170001782,0.5576361450278321
1657,0.790625,0.8593757971936138,0.7450826121164438,0.74375,0.18382461961108942,0.540143678838492
1658,0.7765624999999998,0.8432247137026755,0.7356521739130435,0.740625,0.19700680760443223,0.5777224162456892
1659,0.8015625,0.8606247251669872,0.7450826121164438,0.74375,0.1794974397083911,0.5339873667850954
1660,0.7914062500000001,0.853100049559748,0.7298044637566661,0.728125,0.1840853457706132,0.5441765276425996
1661,0.79765625,0.8495819132150209,0.7055501460564753,0.70625,0.18182975598370155,0.5340512951178674
1662,0.79921875,0.8540811642467578,0.7582460991507012,0.75625,0.18316036693269322,0.5366363378244204
1663,0.8343750000000001,0.8786319052108088,0.8151293699387715,0.8125,0.17643977728571572,0.5286178717052211
1664,0.7046875,0.7900954287437514,0.6510951734832332,0.653125,0.21129168668308987,0.6021916746962204
1665,0.68828125,0.8019809198891723,0.6083916083916084,0.609375,0.23130892447848922,0.6542646400989192
1666,0.76875,0.8503219596751946,0.746875,0.746875,0.19151581671339368,0.5642497506537993
1667,0.7562499999999999,0.8314311236054537,0.6865021770682148,0.6875,0.19830948991624286,0.5741740137484975
1668,0.796875,0.8564474507616991,0.7627447179685987,0.765625,0.18624164459440382,0.5521534957260014
1669,0.7804687500000002,0.8592036486742833,0.7298044637566661,0.728125,0.19160864827214444,0.5657804767730161
1670,0.7820312500000001,0.832105835251288,0.7055501460564753,0.70625,0.1941074892199115,0.5668736117877253
1671,0.74140625,0.8301442022052317,0.7013628283626308,0.7,0.2095970061801543,0.6032327860458024
1672,0.81640625,0.86971375506829,0.7167584579071598,0.715625,0.17441814470574016,0.5154148499331583
1673,0.809375,0.8570227931342183,0.7077922077922079,0.70625,0.18494922227741087,0.5473908102790667
1674,0.79765625,0.8747859671514921,0.6535685645549318,0.653125,0.18568170807763598,0.542155783740287
1675,0.7070312499999999,0.7877290879462943,0.6824378508420208,0.68125,0.21277485111163097,0.6118446584413637
1676,0.8187499999999999,0.8778608963013131,0.7335929892891919,0.734375,0.17074536637030363,0.5073155278700026
1677,0.8203125,0.8543117531733488,0.7582460991507012,0.75625,0.17437866840907532,0.5196632018020808
1678,0.80078125,0.8815978224011417,0.746875,0.746875,0.17578638112651956,0.5264337924563566
1679,0.765625,0.8425507293291371,0.6729211929685956,0.671875,0.19389224692717852,0.5607803517249873
1680,0.85390625,0.9031478629624178,0.7714285714285714,0.76875,0.16277824966849877,0.4925814349542414
1681,0.83984375,0.8866353603334152,0.7450826121164438,0.74375,0.17567811849244885,0.5233442207057527
1682,0.7898437500000001,0.8634361392889491,0.7335929892891919,0.734375,0.1813272774724425,0.5316187983990057
1683,0.7562499999999999,0.8165860270837352,0.6884343036978757,0.6875,0.1986789480036262,0.5747828326666811
1684,0.7765625,0.8600308203983575,0.669790628115653,0.66875,0.19637514533160513,0.5743155766825417
1685,0.76171875,0.8517009876205575,0.6754850088183422,0.675,0.20511175566586434,0.5905234336468076
1686,0.7749999999999999,0.8580213242607108,0.7113071371291099,0.709375,0.19897800805716376,0.5746910287380486
1687,0.7828125,0.8619301830730084,0.7055501460564753,0.70625,0.18336095852573556,0.5385301950529892
1688,0.7632812499999999,0.8450994995284339,0.7142857142857142,0.7125,0.1950095509414368,0.5679265131315383
1689,0.7859375,0.8636820165324438,0.7298044637566661,0.728125,0.18667140147829844,0.5484684588662909
1690,0.8070312500000001,0.8778239296589554,0.6857142857142857,0.684375,0.18183273250516446,0.5367683640272883
1691,0.7140624999999999,0.8227158552191045,0.6444795575745605,0.64375,0.21177066287182844,0.6050914017273972
1692,0.87421875,0.9120218689812956,0.7734067663257278,0.771875,0.15415995486066303,0.4709463650804554
1693,0.7914062500000001,0.8747791135501354,0.7037037037037037,0.703125,0.18027433134035975,0.5272555723195091
1694,0.6937500000000001,0.7871073517130418,0.6246992782678429,0.625,0.22517339147243698,0.6361505806822743
1695,0.840625,0.8981480639401184,0.8017309205350118,0.8,0.16620440714571114,0.5060193375102915
1696,0.83984375,0.8976102814904641,0.7401764234161989,0.7375,0.16529669560077875,0.49709845510781175
1697,0.7546875,0.8441109612948556,0.6934984520123839,0.696875,0.19709138829279377,0.5808886347443051
1698,0.8031250000000001,0.8475766661696603,0.7335929892891919,0.734375,0.1829964357781099,0.5370585146705931
1699,0.7132812499999999,0.794992011100015,0.6510951734832332,0.653125,0.21563523586465794,0.6150728492775172
1700,0.8882812499999999,0.9179898149214195,0.83125,0.83125,0.14799216651162567,0.4618986995073839
1701,0.77890625,0.8686656139816528,0.7498069498069498,0.75625,0.18908684763726136,0.5606400532395508
1702,0.74453125,0.8302436896662807,0.690625,0.690625,0.20027930060368634,0.5808077123400824
1703,0.8898437499999998,0.933512219401352,0.803125,0.803125,0.15155241436738934,0.47092739037472875
1704,0.82109375,0.8761996243246243,0.7559322033898306,0.753125,0.18023456239834917,0.532029055118842
1705,0.76640625,0.8526142671803881,0.7335929892891919,0.734375,0.19627786642390335,0.5696310356039239
1706,0.8843749999999999,0.9254301005400211,0.8017309205350118,0.8,0.15128788393368198,0.46829600657581544
1707,0.8671874999999999,0.9103287640963136,0.8191304347826087,0.825,0.16283213192693852,0.4926684161625906
1708,0.82421875,0.8680274467962763,0.7714285714285714,0.76875,0.17138668295906098,0.5133348526909416
1709,0.7976562500000001,0.8477503435974932,0.7559322033898306,0.753125,0.1814245281912652,0.5361028446197108
1710,0.8374999999999999,0.8943130775424454,0.7319223985890653,0.73125,0.16264702978840442,0.4938785280302029
1711,0.8492187499999999,0.9060618093818573,0.7428571428571429,0.740625,0.16234689964266605,0.4866480995937097
1712,0.8687499999999999,0.9089962270336808,0.8185694902112812,0.821875,0.16039133687777163,0.48745156979837606
1713,0.8257812500000001,0.8803655676576461,0.7450826121164438,0.74375,0.1704426790056906,0.5080747135979422
1714,0.7632812499999999,0.8446696874513261,0.7013628283626308,0.7,0.2003783822175485,0.581827652483997
1715,0.8460937500000001,0.8671313923507391,0.8435710053328067,0.840625,0.1660456008923329,0.5052199983038349
1716,0.7781249999999998,0.8598335800593306,0.6985044865403789,0.696875,0.19366272108490173,0.5627528643204918
1717,0.8101562499999999,0.8647589206629694,0.7734067663257278,0.771875,0.18380012344875746,0.5428485452511185
1718,0.81875,0.8783409912352987,0.7428571428571429,0.740625,0.1746279313387239,0.5157995822327162
1719,0.7828124999999999,0.8500047197661337,0.7167584579071598,0.715625,0.18566776023633869,0.548160782655525
1720,0.76953125,0.8623893344207437,0.6571428571428571,0.65625,0.19765537797821464,0.5743497936397013
1721,0.79609375,0.8542346878312869,0.7335929892891919,0.734375,0.18728372259057627,0.5533335564851896
1722,0.85625,0.9084258566921797,0.7601410934744268,0.759375,0.15690214896011268,0.4746608853809712
1723,0.8929687500000001,0.9305366004597257,0.7822141560798548,0.778125,0.1593109910307088,0.48604432119650404
1724,0.7906249999999999,0.851666326586988,0.7319223985890653,0.73125,0.18701125925463158,0.548652698209824
1725,0.6789062499999999,0.7979691096729092,0.6643356643356644,0.665625,0.23113663945980267,0.6562616888010441
1726,0.778125,0.8609444097568496,0.6824378508420208,0.68125,0.19941188399227028,0.576327245885998
1727,0.7210937499999999,0.8450139329412916,0.6,0.6,0.23032080386069975,0.6455916890567275
1728,0.7929687499999999,0.8695455114606342,0.746875,0.746875,0.18760416251110135,0.5554826620866823
1729,0.7773437500000001,0.8260068068454802,0.6985044865403789,0.696875,0.19370309569454966,0.5683022092998363
1730,0.7015625000000001,0.7803460831047072,0.6160379221805253,0.615625,0.2169024822053032,0.6140120442639996
1731,0.79296875,0.8458775469137312,0.7069199457259159,0.709375,0.18794400557310778,0.5575794632400064
1732,0.8023437499999999,0.8673707113894906,0.7582460991507012,0.75625,0.18212170008507672,0.5311922913468066
1733,0.7523437500000001,0.827748541153437,0.7348323318472572,0.7375,0.20019665055899893,0.5797417810953331
1734,0.8648437499999999,0.9088163980421686,0.8017309205350118,0.8,0.1566510928261297,0.47968300260012053
1735,0.846875,0.9020969242329803,0.8,0.796875,0.1633324318565264,0.49044683034456227
1736,0.775,0.8349257431720617,0.7348323318472572,0.7375,0.19719409629179074,0.5756995364964178
1737,0.7726562499999999,0.8455346925566243,0.6754850088183422,0.675,0.18830550581636235,0.5481876983608309
1738,0.75703125,0.8505111564737625,0.6472663139329806,0.646875,0.1976794212629228,0.5666691387426493
1739,0.77890625,0.8542337241634675,0.6857142857142857,0.684375,0.18526716194411608,0.5413450587776943
1740,0.8171875,0.8701562356500513,0.7492260061919505,0.753125,0.17523311276308487,0.5236295670894097
1741,0.8070312500000001,0.858353714575785,0.7582460991507012,0.75625,0.18622261150992941,0.5473236148760419
1742,0.7671874999999999,0.8449070967198576,0.6857142857142857,0.684375,0.19720531680241993,0.572593991703748
1743,0.7867187500000001,0.8549109006398966,0.71875,0.71875,0.1866300825342014,0.5549870866662846
1744,0.78359375,0.85720765008621,0.7142857142857142,0.7125,0.1912607688854024,0.5585558074766851
1745,0.7640625,0.8479423089472634,0.7450826121164438,0.74375,0.20243824908285246,0.5855727048264473
1746,0.6898437500000001,0.7943578273025871,0.6285714285714286,0.628125,0.22348737923815765,0.6339302878534601
1747,0.8453125,0.8905790797062305,0.7319223985890653,0.73125,0.15998986113478753,0.48166789670377164
1748,0.7898437500000001,0.850904732163138,0.6775073028237586,0.678125,0.180197165732131,0.5326633284251372
1749,0.6953124999999999,0.7942999680881231,0.7055501460564753,0.70625,0.22843370461146092,0.6503456800444287
1750,0.83984375,0.8832437517695261,0.8151293699387715,0.8125,0.16971850284456746,0.5169616803193409
1751,0.7437499999999999,0.8416370565148277,0.6923076923076923,0.69375,0.2003636975452422,0.578845137879096
1752,0.7492187499999999,0.8344235023576905,0.6246992782678429,0.625,0.21121369770848952,0.6066207546727088
1753,0.7781250000000001,0.8380329640808366,0.775,0.775,0.19220269141578264,0.5651871164403316
1754,0.78359375,0.8401032247364014,0.7037037037037037,0.703125,0.19239581604973707,0.5601435176796002
1755,0.7523437500000001,0.8233689193806211,0.6754850088183422,0.675,0.19745488792147023,0.5675025330432564
1756,0.8304687500000001,0.8814280316155181,0.7450826121164438,0.74375,0.17420464177146097,0.5208699226304768
1757,0.7921874999999999,0.8553903343858309,0.7298044637566661,0.728125,0.18538039003023057,0.5446908220112129
1758,0.8125,0.8810565636744293,0.6857142857142857,0.684375,0.17335143531279368,0.5149939487596208
1759,0.8101562499999999,0.8793943211483835,0.7450826121164438,0.74375,0.18398764230595102,0.5466074801543606
1760,0.79296875,0.8591870285194176,0.7013628283626308,0.7,0.18858596346918954,0.5531882395089748
1761,0.7585937500000001,0.8309647479851144,0.7319223985890653,0.73125,0.20384013469208379,0.5943028508969117
1762,0.8257812499999999,0.8833907284886527,0.7866877345447363,0.784375,0.17500343211361186,0.5214097290226108
1763,0.696875,0.7904741496317442,0.6148148148148148,0.61875,0.21570643405809953,0.6119051250099836
1764,0.8851562500000001,0.928603759754662,0.7979149959903769,0.79375,0.15172573582531104,0.46574133556099095
1765,0.6421874999999999,0.7464616752985705,0.6083916083916084,0.609375,0.2500655086264109,0.6910294567081053
1766,0.8359375,0.9031514379450349,0.7734067663257278,0.771875,0.16977790001528673,0.5114790425163108
1767,0.790625,0.8468344041696364,0.690625,0.690625,0.18276505494584783,0.533917288330723
1768,0.8078124999999999,0.8662996250202532,0.7559322033898306,0.753125,0.1788418754089212,0.532082617270215
1769,0.7578125,0.8332044534056186,0.674074074074074,0.675,0.2077766488529867,0.5972892108987161
1770,0.7437499999999999,0.8105320578608025,0.6571428571428571,0.65625,0.2071176636949537,0.5962483035504371
1771,0.77265625,0.8425663802378703,0.7037037037037037,0.703125,0.19526414999429612,0.5748417662866354
1772,0.7265625,0.8106223022980749,0.6625,0.6625,0.21491127162477858,0.6124674012871912
1773,0.8203125,0.8761027977464934,0.7298044637566661,0.728125,0.17624471875126263,0.5244663264875877
1774,0.75390625,0.821813429650818,0.7167584579071598,0.715625,0.20187726894028823,0.5874789757815898
1775,0.75546875,0.8374770140885635,0.7272183449651046,0.725,0.19860559520030222,0.5729805424722711
1776,0.8296875,0.8801496761259466,0.7582460991507012,0.75625,0.17405281745812162,0.5165246399755861
1777,0.734375,0.8193856691241247,0.6857142857142857,0.684375,0.2095583290154889,0.604347682529877
1778,0.8453124999999999,0.9006476954741877,0.7499489274770174,0.746875,0.1780812172664468,0.5361564908299372
1779,0.846875,0.8835750966828896,0.803125,0.803125,0.16646794598974718,0.5060914146705616
1780,0.8265625,0.8725965389795616,0.7498069498069498,0.75625,0.17584712120897256,0.5270817565620136
1781,0.7578125000000001,0.8461188532118714,0.6571428571428571,0.65625,0.19447279948634114,0.5598362035298443
1782,0.7734375,0.8304753769821428,0.6616956077630235,0.6625,0.19777650054620605,0.5743379492936023
1783,0.8203124999999999,0.8714008433341378,0.7883597883597884,0.7875,0.17365982241674421,0.5213741816112784
1784,0.7109375000000001,0.796307684045418,0.6601101494885917,0.659375,0.2197645853378991,0.6270845540892309
1785,0.84453125,0.8930284442485209,0.7333333333333334,0.73125,0.17297747572920263,0.5140529765792219
1786,0.7374999999999998,0.8179149953697327,0.6571428571428571,0.65625,0.2081197751265388,0.5979596059711811
1787,0.7921874999999999,0.8482772303949561,0.6934984520123839,0.696875,0.1818972518791028,0.5360688198788317
1788,0.8,0.8759335526621829,0.8185694902112812,0.821875,0.18440784123818593,0.5474194941610305
1789,0.8164062500000001,0.8805038324645477,0.7401764234161989,0.7375,0.17677288392137067,0.5268690091901015
1790,0.8,0.8710782943094553,0.7734067663257278,0.771875,0.1819407633129864,0.5334374572761775
1791,0.86796875,0.9042456219027663,0.7714285714285714,0.76875,0.15495646825337406,0.46959757215841474
1792,0.8289062500000001,0.8840045063549409,0.6911133810010215,0.690625,0.17548777732125576,0.5188269776067167
1793,0.7351562500000001,0.797296919796096,0.7013628283626308,0.7,0.20671074299368755,0.5938115856550422
1794,0.75,0.8132695655873549,0.6729211929685956,0.671875,0.1997144397709704,0.5723326051261092
1795,0.815625,0.8781600920251806,0.7013628283626308,0.7,0.18299869302196595,0.5386080279729651
1796,0.7515625000000001,0.8342950711374718,0.7202797202797203,0.721875,0.2025236684077325,0.587333220475499
1797,0.83046875,0.8834875694537847,0.7734067663257278,0.771875,0.16905895180583544,0.5038920185733686
1798,0.67578125,0.7797151234039472,0.6160379221805253,0.615625,0.23002345309644256,0.6512577272966479
1799,0.759375,0.8445128722735562,0.6824378508420208,0.68125,0.2018705897951183,0.5779999799367251
1800,0.7789062500000001,0.8508907333158409,0.6923076923076923,0.69375,0.19293295285629813,0.5607345026862895
1801,0.85625,0.8886130922948476,0.7714285714285714,0.76875,0.16363746556360398,0.4969930514366861
1802,0.84375,0.8925574627133929,0.7450826121164438,0.74375,0.1663223790702451,0.5003263681880595
1803,0.71875,0.8190137465035948,0.6656346749226006,0.66875,0.21578871881871328,0.620015406458783
1804,0.7609375,0.8507027078283731,0.669790628115653,0.66875,0.20109913345516905,0.5745440181243118
1805,0.7875,0.8501928936849253,0.7319223985890653,0.73125,0.18910226922113446,0.5576324545367704
1806,0.7656250000000001,0.8364214739139951,0.6754850088183422,0.675,0.19698066052253685,0.570327417228532
1807,0.70859375,0.8062827147860354,0.634375,0.634375,0.21930509827426375,0.6181813304467147
1808,0.75625,0.8242742157442,0.7272183449651046,0.725,0.19796879315726648,0.5719024715644313
1809,0.77421875,0.8460762082478133,0.7167584579071598,0.715625,0.1913281704738768,0.5596709006841886
1810,0.8390625,0.8968649305424592,0.7559322033898306,0.753125,0.16378911221662534,0.49345892959721266
1811,0.8500000000000001,0.8945099162923186,0.7241379310344828,0.721875,0.16957110036648768,0.5061920478645654
1812,0.840625,0.8972628444191317,0.7498069498069498,0.75625,0.16362614338062137,0.49131989626530576
1813,0.7734375,0.8506382505366823,0.6754850088183422,0.675,0.19913148446678003,0.5773196635839515
1814,0.7554687500000001,0.8407822101967771,0.669790628115653,0.66875,0.19836162684753011,0.5747526690651684
1815,0.80234375,0.8670242234895437,0.7335929892891919,0.734375,0.1811393200639403,0.5320878437691277
1816,0.8109375,0.8883986661337334,0.7335929892891919,0.734375,0.16653906371234561,0.49515067553642234
1817,0.81015625,0.8494819655955217,0.7714285714285714,0.76875,0.1801452289496037,0.5336037094239804
1818,0.74375,0.7944341167517415,0.7069199457259159,0.709375,0.20668121360471023,0.5950881709641676
1819,0.7703125,0.8301469145184348,0.6790075596045746,0.68125,0.1905120136101964,0.5569455980726132
1820,0.7679687500000001,0.8244260425308263,0.6729211929685956,0.671875,0.19145151610823188,0.5565747128534908
1821,0.753125,0.8517162704016437,0.7492260061919505,0.753125,0.1960322797174011,0.5715434663108456
1822,0.80234375,0.8746800426446633,0.6535685645549318,0.653125,0.18021856130832864,0.531021401383396
1823,0.7609375,0.8357144848247039,0.6322778345250255,0.634375,0.20741025458690965,0.5955620499969407
1824,0.7882812499999999,0.8669763624103755,0.71875,0.71875,0.18967752787772701,0.562291848328321
1825,0.78046875,0.8218845970997204,0.7272183449651046,0.725,0.19473012899528974,0.5700262664824672
1826,0.83671875,0.8956366302119784,0.8041958041958042,0.80625,0.1707884521196133,0.5163252152412526
1827,0.7742187500000001,0.8589164785880388,0.7202797202797203,0.721875,0.1944558453749765,0.5651035746000558
1828,0.80234375,0.87734394318368,0.7142857142857142,0.7125,0.1793184196226463,0.5325518971556913
1829,0.8734375,0.9134923815213614,0.8165784832451499,0.815625,0.14919929823721267,0.46287442759483216
1830,0.7820312500000001,0.859421464419202,0.7319223985890653,0.73125,0.19233067978046525,0.5612644268189927
1831,0.73046875,0.8107769381304485,0.7167584579071598,0.715625,0.20964652533204445,0.6006431825241036
1832,0.8484375000000001,0.9093380436524514,0.7531760435571688,0.75,0.16888590975479756,0.5105970648299415
1833,0.78984375,0.8468100752768253,0.7055501460564753,0.70625,0.1871458269202886,0.5509308491156127
1834,0.85703125,0.8957717557188773,0.7866877345447363,0.784375,0.1596649873714212,0.48536088583021403
1835,0.6984374999999999,0.8158670763223095,0.6317859952793077,0.63125,0.22527001620301293,0.6417062439387706
1836,0.8109375,0.8711795665455311,0.7037037037037037,0.703125,0.17919356919298268,0.5295070509291155
1837,0.77421875,0.8311797545426368,0.7272183449651046,0.725,0.1982341665404247,0.576232604456618
1838,0.7484375,0.834238617226879,0.6754850088183422,0.675,0.20605590679190658,0.592261101575303
1839,0.7984375,0.8793844443632932,0.7616358325219085,0.7625,0.17498134505951124,0.5163390225395361
1840,0.78203125,0.8584262749743411,0.7298044637566661,0.728125,0.18766737892751068,0.5495092421065303
1841,0.7515625,0.8258223674972194,0.7335929892891919,0.734375,0.20448561275174298,0.5920768477272043
1842,0.8546874999999999,0.8956051739147951,0.7582460991507012,0.75625,0.16230915103290616,0.49182836582425693
1843,0.7250000000000001,0.815443129163314,0.6444795575745605,0.64375,0.21239340550064195,0.6040809992327326
1844,0.859375,0.8990399363545428,0.8151293699387715,0.8125,0.16653548265813967,0.5039342864116579
1845,0.68125,0.7754097084966467,0.6160379221805253,0.615625,0.231260978409082,0.6577699990565216
1846,0.8046875,0.8792932119635839,0.7627447179685987,0.765625,0.1760004151089128,0.5253153971446513
1847,0.8539062500000001,0.9055141582273396,0.7896786757546251,0.790625,0.15537337844754806,0.47437446080683554
1848,0.7101562499999999,0.7925312431910485,0.6444795575745605,0.64375,0.2216132214476991,0.630829111766317
1849,0.74765625,0.8421813835458309,0.6790075596045746,0.68125,0.19464073553424832,0.5617481307219425
1850,0.7710937500000001,0.854028432723762,0.7142857142857142,0.7125,0.18759007786462809,0.5513536990150439
1851,0.7046874999999999,0.782883320969316,0.6729211929685956,0.671875,0.22003420558609918,0.6213914967191383
1852,0.77890625,0.8524857983747737,0.6493506493506493,0.65,0.18728914864331025,0.548871117552139
1853,0.803125,0.8655629298359433,0.722007722007722,0.728125,0.18352367066233108,0.539554467383501
1854,0.7757812500000002,0.8327139025767263,0.7428571428571429,0.740625,0.1986629369553251,0.5767224383033693
1855,0.7109375,0.797325819196583,0.6246992782678429,0.625,0.21607850611487273,0.6084282814441415
1856,0.8109375,0.8736763926570562,0.7559322033898306,0.753125,0.18409951394171517,0.5442825290414434
1857,0.73359375,0.825715653686873,0.6386100386100386,0.64375,0.20801773899854747,0.5939046009626529
1858,0.84765625,0.8829399534836698,0.7298044637566661,0.728125,0.16682637698582262,0.5019349059211226
1859,0.80234375,0.8788409898225018,0.7428571428571429,0.740625,0.18585502700663825,0.5489580075050389
1860,0.7484375,0.8172581344561524,0.7013628283626308,0.7,0.2088714211693335,0.6030356567339835
1861,0.9171875,0.9444239092251557,0.8151293699387715,0.8125,0.13040009906518302,0.4145645643540944
1862,0.7734374999999999,0.8553534392379539,0.71875,0.71875,0.1960444508349028,0.5749966145957437
1863,0.8093750000000001,0.8685219197426064,0.7690457097032879,0.765625,0.18831429694853283,0.555095413101495
1864,0.89921875,0.9282474814680063,0.8,0.796875,0.15152931694263405,0.468686675516435
1865,0.7562499999999999,0.8462264004210726,0.5958299919807538,0.596875,0.19480855352088733,0.5592165837218909
1866,0.80390625,0.8650012352357993,0.6950998185117967,0.69375,0.1774200033517531,0.5228764646836597
1867,0.771875,0.8480485037556725,0.6535685645549318,0.653125,0.2033321328426801,0.5893754006146448
1868,0.7289062499999999,0.8200034649842778,0.6804939224387421,0.6875,0.21316373535508898,0.610894975023638
1869,0.6796875,0.8091840740624218,0.5908289241622575,0.590625,0.23166784014608913,0.6459589609128713
1870,0.690625,0.7860285431405704,0.609907120743034,0.6125,0.224677834901093,0.6371384064746622
1871,0.8265625000000001,0.8933926880107279,0.7601410934744268,0.759375,0.1717942381257951,0.5129837527323536
1872,0.7265625,0.82728857346046,0.7013628283626308,0.7,0.21896504138939668,0.6245124489845071
1873,0.7992187500000001,0.8508850019626903,0.71875,0.71875,0.18620479153580563,0.5457988705601322
1874,0.8421875000000001,0.8954187113111743,0.7866877345447363,0.784375,0.17386066423583502,0.5212689307612258
1875,0.84765625,0.9022990558178329,0.7690457097032879,0.765625,0.16698075743626323,0.5020245858167287
1876,0.7578124999999999,0.8384162651542048,0.7450826121164438,0.74375,0.20340081733211526,0.5917977447538962
1877,0.865625,0.9012581255948666,0.8,0.796875,0.16094364526236993,0.4895555550461767
1878,0.71328125,0.777305224406098,0.7037037037037037,0.703125,0.21471727440030078,0.6181704794014311
1879,0.85546875,0.9075091558574041,0.7627447179685987,0.765625,0.157237952380482,0.47965930212786545
1880,0.7890625,0.8471441387626318,0.6985044865403789,0.696875,0.1809798721346137,0.5244684027561193
1881,0.7484375,0.8144942230837128,0.7167584579071598,0.715625,0.20453435264430744,0.5875760401968232
1882,0.76484375,0.8375962766875203,0.7037037037037037,0.703125,0.1952677446375155,0.566249299173296
1883,0.76953125,0.832149675016177,0.7013628283626308,0.7,0.18806868182598643,0.5464935018578188
1884,0.709375,0.7865838814775654,0.6923076923076923,0.69375,0.22005588691271402,0.629374480941874
1885,0.8296875,0.8908240392116538,0.7866877345447363,0.784375,0.17274085317319512,0.5216709052024923
1886,0.8234374999999999,0.8828270787557394,0.7319223985890653,0.73125,0.17408599751773593,0.515234183084531
1887,0.75546875,0.8328908347495934,0.6985044865403789,0.696875,0.20366346157828533,0.593429980441023
1888,0.75,0.838793249017727,0.6884343036978757,0.6875,0.20355617836798912,0.5845700951516926
1889,0.84765625,0.9080576759470527,0.8165784832451499,0.815625,0.17173835383205707,0.5199061777907539
1890,0.8242187499999999,0.8828756873552338,0.7428571428571429,0.740625,0.17321586043144796,0.5152663224734574
1891,0.8742187499999999,0.9138714969680954,0.7582460991507012,0.75625,0.15124377102162415,0.46521732984353115
1892,0.7492187499999999,0.8299576950724331,0.6571428571428571,0.65625,0.2028979263796647,0.5846940822116851
1893,0.7249999999999999,0.8284708620974186,0.6510951734832332,0.653125,0.21422394622747765,0.6127871266210219
1894,0.83359375,0.882464788375889,0.7241379310344828,0.721875,0.1679441258921458,0.5007824217543914
1895,0.7828125000000001,0.8464903449961935,0.7482517482517483,0.75,0.19753681381945373,0.5807755805566536
1896,0.7546875,0.8373277549892904,0.6656346749226006,0.66875,0.20058297371990574,0.578225237664787
1897,0.8179687499999999,0.8889313088661891,0.7272183449651046,0.725,0.17906344767316376,0.5301544865282558
1898,0.7625,0.8513026049798956,0.71875,0.71875,0.19810676474319178,0.5812418367375055
1899,0.7906249999999999,0.8708395916245825,0.7482517482517483,0.75,0.18627895626429994,0.5451645778380582
1900,0.86015625,0.9133635638012391,0.7401764234161989,0.7375,0.16578945919016835,0.5012112769282113
1901,0.7375,0.8273716851227851,0.6884343036978757,0.6875,0.2072652448558824,0.5938420922169283
1902,0.88125,0.9289993217913944,0.762962962962963,0.759375,0.1547057873147551,0.47280127122404836
1903,0.83125,0.8865616102877932,0.7559322033898306,0.753125,0.16672713488778795,0.49831736039738733
1904,0.8156249999999998,0.8776514175807489,0.7906571040899399,0.79375,0.17711915399959854,0.5316764852738289
1905,0.76015625,0.8465137945841986,0.7069199457259159,0.709375,0.19277458358998067,0.5647821969669123
1906,0.8414062499999999,0.9071938285951683,0.7113071371291099,0.709375,0.17706176004553995,0.530001667620414
1907,0.7859375,0.861959679846486,0.6857142857142857,0.684375,0.18842990518916544,0.5510354169309942
1908,0.753125,0.8171102426904406,0.6985044865403789,0.696875,0.2021195396795697,0.581911527419501
1909,0.7218749999999998,0.8114160944982742,0.6754850088183422,0.675,0.20581359564994964,0.5921304539563962
1910,0.8148437500000001,0.882312919638501,0.7714285714285714,0.76875,0.18005958086426163,0.5335104698686273
1911,0.8179687499999999,0.8792953693556914,0.7866877345447363,0.784375,0.1774602680885347,0.5327411529227883
1912,0.8882812499999999,0.9272610360510009,0.7979149959903769,0.79375,0.1501938546291769,0.4674497154168881
1913,0.7421874999999999,0.8317068431909033,0.6601101494885917,0.659375,0.20979212341054349,0.5989459470411111
1914,0.7710937499999999,0.8558692355112621,0.6729211929685956,0.671875,0.19437161132564373,0.5618958988871763
1915,0.8390625,0.8980208608719656,0.7241379310344828,0.721875,0.17027435186696943,0.5101481804287992
1916,0.77109375,0.8293870294807616,0.7482517482517483,0.75,0.1960732315373891,0.5697590747466323
1917,0.7664062500000001,0.8502240267518907,0.7037037037037037,0.703125,0.19963365274194173,0.5823314868220858
1918,0.76015625,0.8347937445585397,0.6601101494885917,0.659375,0.19947116552209937,0.5747444014948234
1919,0.7046875,0.7917078650158272,0.6754850088183422,0.675,0.21402587587899077,0.6108793345458766
1920,0.7835937499999999,0.8550053488943494,0.7428571428571429,0.740625,0.1859490457006916,0.5456161077836796
1921,0.8320312500000001,0.8852161376182272,0.7241379310344828,0.721875,0.16794113202883057,0.4995853342357687
1922,0.853125,0.9082035998168401,0.8041958041958042,0.80625,0.16152174008402073,0.4944949107397885
1923,0.6960937500000001,0.8021845416280657,0.6317859952793077,0.63125,0.21965686784967867,0.6227886818555124
1924,0.7351562500000001,0.8193564115452753,0.690625,0.690625,0.20946762089979154,0.6056839200982752
1925,0.8140624999999999,0.8772219513767384,0.7601410934744268,0.759375,0.1814902750546622,0.5413356286313683
1926,0.7539062500000001,0.8275226747158105,0.7298044637566661,0.728125,0.2101065601259729,0.6012987478396163
1927,0.828125,0.8818450104763006,0.7846460618145563,0.78125,0.17409034545450608,0.5218163671280884
1928,0.8328125,0.8819337004724878,0.8017309205350118,0.8,0.17094819310571324,0.5114408697581904
1929,0.8015625,0.8720020251622655,0.7272183449651046,0.725,0.1881077769467484,0.5515440670475897
1930,0.7601562500000001,0.8333534914301439,0.7428571428571429,0.740625,0.20441598379944578,0.5965103924787004
1931,0.7484375,0.8313664506844877,0.6510951734832332,0.653125,0.1970645834061644,0.574597153035221
1932,0.80390625,0.8804902547562552,0.7142857142857142,0.7125,0.18125602409498764,0.5345568200211128
1933,0.84609375,0.8927638939198225,0.8,0.796875,0.16732486545529968,0.5056579010448232
1934,0.6789062499999999,0.779939171550664,0.6377708978328174,0.640625,0.23317854589014578,0.6611616171719898
1935,0.7437499999999999,0.8308675932131683,0.6643356643356644,0.665625,0.204558114923773,0.5842086603715291
1936,0.859375,0.8967507744344951,0.7734067663257278,0.771875,0.15995539944807394,0.4884059856678754
1937,0.675,0.7987462381791195,0.634375,0.634375,0.22556464601684173,0.6328802634243995
1938,0.8617187500000001,0.8964291817462178,0.7714285714285714,0.76875,0.15731424808800196,0.47945740888554994
1939,0.81484375,0.8689002119744585,0.6571428571428571,0.65625,0.17228733823821257,0.5119503995858212
1940,0.7296874999999999,0.7824615225164651,0.7167584579071598,0.715625,0.21532249336652082,0.624796511079984
1941,0.8203125000000001,0.8808616126066519,0.7428571428571429,0.740625,0.18110998134477418,0.5356303806915594
1942,0.80078125,0.874974520838874,0.6923076923076923,0.69375,0.18054068205268525,0.5326421813586999
1943,0.784375,0.8682366626816675,0.7348323318472572,0.7375,0.1786668971252733,0.523728458366198
1944,0.8484375,0.8879198124344301,0.746875,0.746875,0.15635873571859168,0.47490338455530057
1945,0.7953125,0.8746579305540824,0.7113071371291099,0.709375,0.1823283304651232,0.5331091727716311
1946,0.8226562500000001,0.8830256442493285,0.7142857142857142,0.7125,0.16846316870469055,0.5014063393128123
1947,0.796875,0.8580824231285518,0.7450826121164438,0.74375,0.18114700179663776,0.5322802206843661
1948,0.7515624999999999,0.8371356557778487,0.6824378508420208,0.68125,0.20296952534730808,0.5895270249921355
1949,0.7898437500000001,0.8595808688590847,0.7013628283626308,0.7,0.1877478233464696,0.5499749482470526
1950,0.83203125,0.8840483171509905,0.7333333333333334,0.73125,0.1667956396911718,0.4988749761737277
1951,0.8015625,0.8608262417895551,0.7037037037037037,0.703125,0.1890447151620371,0.5509587591944192
1952,0.8625,0.9007576455292826,0.7499489274770174,0.746875,0.16448817712474875,0.4958338546188291
1953,0.92734375,0.9550012233145739,0.8743942624539639,0.878125,0.11789386887615026,0.3866432507827041
1954,0.74609375,0.8062987425836122,0.6884343036978757,0.6875,0.20310121757823255,0.5824066235494977
1955,0.7578125,0.8281306007928773,0.7335929892891919,0.734375,0.20338718234516495,0.5891823237858995
1956,0.771875,0.8387349834375197,0.7272183449651046,0.725,0.19716757219696687,0.5766842522762098
1957,0.8132812500000001,0.874624003107668,0.7167584579071598,0.715625,0.17625430051092705,0.5213159261807236
1958,0.78046875,0.8623976125915169,0.7055501460564753,0.70625,0.18622536676672433,0.544685326540385
1959,0.8578125000000001,0.894146969907803,0.7601410934744268,0.759375,0.15823839866677494,0.4835156625817539
1960,0.7054687500000001,0.7858123789812015,0.669790628115653,0.66875,0.2170446158850185,0.6204087012346934
1961,0.7453124999999999,0.8099339265581762,0.7077922077922079,0.70625,0.20195079726328158,0.5869930567538504
1962,0.7625,0.8474724103793939,0.7037037037037037,0.703125,0.19869728303218995,0.5720553044996587
1963,0.8148437500000001,0.869947850447281,0.7335929892891919,0.734375,0.17930360493891123,0.5313282210649093
1964,0.73671875,0.8229573350903269,0.6472663139329806,0.646875,0.19897256275452188,0.5729339703455196
1965,0.75625,0.8351175405143003,0.6934984520123839,0.696875,0.20160904989393888,0.5845225814780641
1966,0.7304687500000001,0.7785726284760596,0.7037037037037037,0.703125,0.21126579139471968,0.604529510253109
1967,0.8078125,0.861031573628581,0.7213622291021672,0.725,0.17650058924401263,0.5233713603025041
1968,0.85390625,0.8994181429601796,0.7883597883597884,0.7875,0.16263989828462574,0.49368422254286287
1969,0.8257812500000001,0.8962250800309992,0.7401764234161989,0.7375,0.18136192520936856,0.5447999310868266
1970,0.7867187500000001,0.8347771978136024,0.7113071371291099,0.709375,0.18746819650954272,0.5510116162789136
1971,0.6953125,0.7911293934688723,0.6214216163583253,0.621875,0.2176197350097121,0.6180371452754202
1972,0.7515625,0.8351486204721105,0.6656346749226006,0.66875,0.19902659488194407,0.5749402230658526
1973,0.8492187499999999,0.8990651560122151,0.7690457097032879,0.765625,0.16918322999801816,0.5051180644777375
1974,0.78984375,0.8611416393923824,0.7582460991507012,0.75625,0.18750844016517604,0.5500898583039715
1975,0.771875,0.8488014037240487,0.6857142857142857,0.684375,0.1926956891707308,0.5584248638111882
1976,0.796875,0.8687457636402857,0.791304347826087,0.796875,0.1834868617147917,0.5441576409407713
1977,0.68359375,0.7938271562666724,0.634375,0.634375,0.22599389157196637,0.6393569031562273
1978,0.8171875,0.8750113135978876,0.7335929892891919,0.734375,0.1733440589790649,0.515465310174632
1979,0.7765625,0.8260289579695406,0.7360601967972217,0.74375,0.2001841112238435,0.5850850544789953
1980,0.8531250000000001,0.9059605598449602,0.7866877345447363,0.784375,0.16090890843762418,0.49256218515691264
1981,0.79609375,0.8725265227491067,0.6950998185117967,0.69375,0.1950354143033664,0.5634846447193728
1982,0.76171875,0.8194629401304004,0.7559322033898306,0.753125,0.2087489050823489,0.605028302426234
1983,0.7796874999999999,0.8599275600478213,0.7335929892891919,0.734375,0.1936540547479282,0.569344764288975
1984,0.81640625,0.8664181558285963,0.7335929892891919,0.734375,0.1763414992333433,0.52195897876292
1985,0.796875,0.8642934602800874,0.7319223985890653,0.73125,0.18437887841359013,0.5444025751009632
1986,0.80546875,0.8759538264976326,0.6950998185117967,0.69375,0.17739957590581765,0.5188619059282009
1987,0.7484375,0.843637262847981,0.5597722960151803,0.571875,0.2063687164615449,0.5894883728432558
1988,0.78828125,0.8489232566558056,0.7069199457259159,0.709375,0.1839970269142833,0.5415905358383677
1989,0.79296875,0.8593423190629121,0.7055501460564753,0.70625,0.18609465817109294,0.5442618735853887
1990,0.83203125,0.8917174608892634,0.7601410934744268,0.759375,0.16338026932527314,0.4936177786860567
1991,0.66953125,0.7990119517648205,0.6363636363636364,0.6375,0.23031001241022148,0.6488736258227819
1992,0.79921875,0.8552176958997223,0.6625,0.6625,0.17989511514282538,0.5255216054279416
1993,0.84765625,0.8890502427514408,0.7333333333333334,0.73125,0.16462820556737454,0.4951663933010155
1994,0.7960937499999999,0.8588286422658455,0.7298044637566661,0.728125,0.18163817985137964,0.5332778788189015
1995,0.8375,0.8768362875121608,0.775,0.775,0.17065163680014322,0.5144530965419375
1996,0.71953125,0.8053763677336859,0.690625,0.690625,0.21445943684642974,0.614361353009532
1997,0.78203125,0.848413863711694,0.7037037037037037,0.703125,0.18439727518650512,0.5418564656198002
1998,0.8359375,0.8744291532720554,0.7734067663257278,0.771875,0.17043223497425414,0.5105636763816401
1999,0.8085937500000001,0.8647036130681476,0.7979149959903769,0.79375,0.1841587060558398,0.5458907889279402
