iteration,tpr_gap,fpr_gap,equalized_odds_difference
0,0.771551724137931,0.8095238095238095,0.8095238095238095
1,0.467741935483871,0.6842105263157895,0.6842105263157895
2,0.8857142857142857,0.6666666666666666,0.8857142857142857
3,0.8257575757575757,0.6428571428571429,0.8257575757575757
4,0.9705882352941176,0.625,0.9705882352941176
5,0.7965367965367967,0.5882352941176471,0.7965367965367967
6,0.9459459459459459,0.6923076923076923,0.9459459459459459
7,0.8194444444444444,0.6428571428571429,0.8194444444444444
8,0.9411764705882353,0.8125,0.9411764705882353
9,0.6787878787878787,0.9411764705882353,0.9411764705882353
10,0.8060344827586207,0.9047619047619048,0.9047619047619048
11,0.8928571428571429,0.7727272727272727,0.8928571428571429
12,0.5207373271889401,0.7368421052631579,0.7368421052631579
13,0.5473684210526315,0.6666666666666666,0.6666666666666666
14,0.896551724137931,0.7142857142857143,0.896551724137931
15,0.7647058823529411,0.75,0.7647058823529411
16,0.7974358974358975,0.36363636363636365,0.7974358974358975
17,0.9,0.7,0.9
18,0.6388888888888888,0.42857142857142855,0.6388888888888888
19,0.7156862745098039,0.375,0.7156862745098039
20,0.7424242424242424,0.7058823529411765,0.7424242424242424
21,0.6061776061776062,0.46153846153846156,0.6061776061776062
22,0.9032258064516129,0.631578947368421,0.9032258064516129
23,0.7738095238095237,0.5714285714285714,0.7738095238095237
24,0.76890756302521,0.625,0.76890756302521
25,0.6617647058823529,0.8125,0.8125
26,0.7946428571428572,0.5,0.7946428571428572
27,0.80625,0.7222222222222222,0.80625
28,0.8709677419354839,0.6842105263157895,0.8709677419354839
29,0.967741935483871,0.5263157894736842,0.967741935483871
30,0.9032258064516129,0.7368421052631579,0.9032258064516129
31,0.7662337662337662,0.5882352941176471,0.7662337662337662
32,0.9393939393939394,0.5294117647058824,0.9393939393939394
33,0.8199233716475096,0.7142857142857143,0.8199233716475096
34,0.8611111111111112,0.5714285714285714,0.8611111111111112
35,0.6642857142857143,0.6666666666666666,0.6666666666666666
36,0.7206208425720622,0.7777777777777778,0.7777777777777778
37,0.71007371007371,0.8461538461538461,0.8461538461538461
38,0.7428571428571429,0.8,0.8
39,0.9375,0.7777777777777778,0.9375
40,0.8125,0.7222222222222222,0.8125
41,0.9117647058823529,0.5625,0.9117647058823529
42,0.8,0.5263157894736842,0.8
43,0.9655172413793104,0.7142857142857143,0.9655172413793104
44,0.60625,0.5,0.60625
45,0.875,0.9,0.9
46,0.6833333333333333,1.0,1.0
47,0.7365591397849462,0.631578947368421,0.7365591397849462
48,0.7840909090909091,0.7058823529411765,0.7840909090909091
49,0.4117647058823529,0.6875,0.6875
50,0.7142857142857142,0.8666666666666667,0.8666666666666667
51,0.9090909090909091,0.5294117647058824,0.9090909090909091
52,0.7255639097744362,0.6666666666666666,0.7255639097744362
53,0.8416666666666667,0.6,0.8416666666666667
54,0.918918918918919,0.6153846153846154,0.918918918918919
55,0.8333333333333334,0.7857142857142857,0.8333333333333334
56,0.7928571428571429,0.5454545454545454,0.7928571428571429
57,0.6333333333333334,0.6,0.6333333333333334
58,0.9032258064516129,0.5789473684210527,0.9032258064516129
59,0.8387096774193549,0.631578947368421,0.8387096774193549
60,0.5420168067226891,0.6875,0.6875
61,0.6333333333333333,0.45,0.6333333333333333
62,0.8222222222222222,0.55,0.8222222222222222
63,0.9166666666666666,0.42857142857142855,0.9166666666666666
64,0.44642857142857145,0.5,0.5
65,0.90625,0.6111111111111112,0.90625
66,0.6378378378378378,0.46153846153846156,0.6378378378378378
67,0.8282828282828283,0.7647058823529411,0.8282828282828283
68,0.9310344827586207,0.6666666666666666,0.9310344827586207
69,0.7394957983193278,0.875,0.875
70,0.6666666666666667,0.6666666666666666,0.6666666666666667
71,0.9142857142857143,0.7333333333333333,0.9142857142857143
72,0.33333333333333337,0.7368421052631579,0.7368421052631579
73,0.1470588235294118,0.5,0.5
74,0.9736842105263158,0.6666666666666666,0.9736842105263158
75,0.7012195121951219,0.4444444444444444,0.7012195121951219
76,0.7182539682539684,0.9285714285714286,0.9285714285714286
77,0.6944444444444445,0.7142857142857143,0.7142857142857143
78,0.8857142857142857,0.8666666666666667,0.8857142857142857
79,0.9166666666666666,0.5714285714285714,0.9166666666666666
80,0.788888888888889,0.7,0.788888888888889
81,0.875,0.5555555555555556,0.875
82,0.7696969696969698,0.5882352941176471,0.7696969696969698
83,0.24761904761904763,0.8,0.8
84,0.875,0.7222222222222222,0.875
85,0.8571428571428572,0.75,0.8571428571428572
86,0.9629629629629629,0.5217391304347826,0.9629629629629629
87,0.9032258064516129,0.5263157894736842,0.9032258064516129
88,0.4722222222222222,0.5714285714285714,0.5714285714285714
89,0.8571428571428571,0.3333333333333333,0.8571428571428571
90,0.7166666666666667,0.4,0.7166666666666667
91,1.0,0.7333333333333333,1.0
92,0.6309523809523809,0.5,0.6309523809523809
93,0.8428571428571429,0.4,0.8428571428571429
94,0.9230769230769231,0.9090909090909091,0.9230769230769231
95,0.8564102564102565,0.55,0.8564102564102565
96,0.625,0.6842105263157895,0.6842105263157895
97,0.9117647058823529,0.625,0.9117647058823529
98,0.9354838709677419,0.5263157894736842,0.9354838709677419
99,0.7965367965367967,0.7058823529411765,0.7965367965367967
100,0.7088122605363985,0.47619047619047616,0.7088122605363985
101,0.6029411764705882,0.5625,0.6029411764705882
102,0.8060344827586207,0.5238095238095238,0.8060344827586207
103,0.7884615384615384,0.8181818181818182,0.8181818181818182
104,0.8857142857142857,0.4,0.8857142857142857
105,0.6820276497695853,0.42105263157894735,0.6820276497695853
106,0.9117647058823529,0.4375,0.9117647058823529
107,0.7285714285714286,0.4,0.7285714285714286
108,0.8089430894308943,0.7777777777777778,0.8089430894308943
109,0.9117647058823529,0.5625,0.9117647058823529
110,0.875,0.6666666666666666,0.875
111,0.9090909090909091,0.5294117647058824,0.9090909090909091
112,0.7536945812807883,0.7619047619047619,0.7619047619047619
113,0.6388888888888888,0.7142857142857143,0.7142857142857143
114,0.9696969696969697,0.6470588235294118,0.9696969696969697
115,0.8362573099415205,0.5833333333333334,0.8362573099415205
116,0.8857142857142857,0.8,0.8857142857142857
117,0.975,0.4,0.975
118,0.7522522522522523,0.46153846153846156,0.7522522522522523
119,0.8,0.6666666666666666,0.8
120,0.5729166666666667,0.7222222222222222,0.7222222222222222
121,0.7230769230769232,0.7272727272727273,0.7272727272727273
122,0.82010582010582,0.7391304347826086,0.82010582010582
123,0.84375,0.6666666666666666,0.84375
124,0.9333333333333333,0.7,0.9333333333333333
125,0.7,0.8,0.8
126,0.5529411764705883,0.5,0.5529411764705883
127,0.8108108108108109,0.9230769230769231,0.9230769230769231
128,0.8411764705882353,0.4375,0.8411764705882353
129,0.8333333333333334,0.7142857142857143,0.8333333333333334
130,0.6733333333333333,0.64,0.6733333333333333
131,0.6021505376344085,0.5789473684210527,0.6021505376344085
132,0.6590909090909091,0.6470588235294118,0.6590909090909091
133,0.7518796992481203,0.75,0.7518796992481203
134,0.7666666666666667,0.6,0.7666666666666667
135,0.90625,0.4444444444444444,0.90625
136,0.7142857142857142,0.6,0.7142857142857142
137,0.743421052631579,0.8333333333333334,0.8333333333333334
138,0.8142857142857143,0.6666666666666666,0.8142857142857143
139,0.625,0.7222222222222222,0.7222222222222222
140,0.9,0.8,0.9
141,0.6787878787878787,0.5882352941176471,0.6787878787878787
142,0.6095238095238096,0.7333333333333333,0.7333333333333333
143,0.6743295019157088,0.6190476190476191,0.6743295019157088
144,0.625,0.6111111111111112,0.625
145,0.6854838709677419,0.47368421052631576,0.6854838709677419
146,0.695852534562212,0.7894736842105263,0.7894736842105263
147,0.8666666666666667,0.5,0.8666666666666667
148,0.9230769230769231,0.5416666666666666,0.9230769230769231
149,0.6787878787878787,0.8823529411764706,0.8823529411764706
150,0.9032258064516129,0.5789473684210527,0.9032258064516129
151,0.9666666666666667,0.7,0.9666666666666667
152,0.7633928571428572,0.7222222222222222,0.7633928571428572
153,0.6818181818181819,0.7058823529411765,0.7058823529411765
154,0.8571428571428572,0.4117647058823529,0.8571428571428572
155,0.5393939393939394,0.5882352941176471,0.5882352941176471
156,0.7714285714285714,0.6666666666666666,0.7714285714285714
157,0.5632183908045978,0.7619047619047619,0.7619047619047619
158,0.90625,0.7777777777777778,0.90625
159,0.9375,0.7222222222222222,0.9375
160,0.8823529411764706,0.625,0.8823529411764706
161,0.96875,0.6666666666666666,0.96875
162,0.5823529411764705,0.5625,0.5823529411764705
163,0.8421052631578947,0.4166666666666667,0.8421052631578947
164,0.7142857142857143,0.6,0.7142857142857143
165,0.9428571428571428,0.8,0.9428571428571428
166,0.7777777777777778,0.7894736842105263,0.7894736842105263
167,0.7638888888888888,0.8260869565217391,0.8260869565217391
168,0.8248847926267282,0.5789473684210527,0.8248847926267282
169,0.7727272727272728,0.8235294117647058,0.8235294117647058
170,0.9642857142857143,0.5454545454545454,0.9642857142857143
171,0.8823529411764706,0.4375,0.8823529411764706
172,0.5916666666666668,0.6,0.6
173,0.8076923076923077,0.8181818181818182,0.8181818181818182
174,0.9166666666666666,0.7857142857142857,0.9166666666666666
175,0.5441176470588235,0.5,0.5441176470588235
176,0.632183908045977,0.5714285714285714,0.632183908045977
177,0.7598566308243728,0.631578947368421,0.7598566308243728
178,0.7459459459459459,0.7692307692307693,0.7692307692307693
179,0.6965517241379311,0.42857142857142855,0.6965517241379311
180,0.6851851851851852,0.6086956521739131,0.6851851851851852
181,0.7000000000000001,0.55,0.7000000000000001
182,0.8618618618618619,0.6153846153846154,0.8618618618618619
183,0.7573099415204678,0.4166666666666667,0.7573099415204678
184,0.7370689655172413,0.6190476190476191,0.7370689655172413
185,0.7032258064516128,0.5789473684210527,0.7032258064516128
186,0.6666666666666666,0.7857142857142857,0.7857142857142857
187,0.8571428571428571,0.6818181818181818,0.8571428571428571
188,0.6333333333333333,0.5,0.6333333333333333
189,0.764367816091954,0.7619047619047619,0.764367816091954
190,0.5833333333333334,0.55,0.5833333333333334
191,0.96875,0.6666666666666666,0.96875
192,0.7142857142857143,0.5238095238095238,0.7142857142857143
193,0.6911764705882353,0.4375,0.6911764705882353
194,0.607843137254902,0.8125,0.8125
195,0.9,0.4,0.9
196,0.7450980392156863,0.5625,0.7450980392156863
197,0.8199233716475096,0.5714285714285714,0.8199233716475096
198,0.49019607843137253,0.5625,0.5625
199,0.65625,0.5,0.65625
200,0.7662337662337662,0.6470588235294118,0.7662337662337662
201,0.5852534562211982,0.5789473684210527,0.5852534562211982
202,0.896551724137931,0.6666666666666666,0.896551724137931
203,0.7206349206349206,0.6666666666666666,0.7206349206349206
204,0.8571428571428572,0.5416666666666666,0.8571428571428572
205,0.6262626262626263,0.7058823529411765,0.7058823529411765
206,0.868421052631579,0.5833333333333334,0.868421052631579
207,0.7,0.55,0.7
208,0.9117647058823529,0.75,0.9117647058823529
209,0.6108374384236454,0.6666666666666666,0.6666666666666666
210,0.8620689655172413,0.6666666666666666,0.8620689655172413
211,0.7638888888888888,0.5,0.7638888888888888
212,0.8018648018648018,0.6470588235294118,0.8018648018648018
213,0.5888888888888888,0.7142857142857143,0.7142857142857143
214,0.7904761904761906,0.75,0.7904761904761906
215,0.8846153846153846,0.6666666666666666,0.8846153846153846
216,0.675,0.7333333333333333,0.7333333333333333
217,0.9428571428571428,0.5333333333333333,0.9428571428571428
218,0.8235294117647058,0.6875,0.8235294117647058
219,0.9565217391304348,0.6666666666666666,0.9565217391304348
220,0.7941176470588235,0.8125,0.8125
221,0.8178571428571428,0.5333333333333333,0.8178571428571428
222,0.5809523809523809,0.4666666666666667,0.5809523809523809
223,0.4805194805194805,0.6470588235294118,0.6470588235294118
224,0.8378378378378378,0.8461538461538461,0.8461538461538461
225,1.0,0.8,1.0
226,0.543918918918919,0.38461538461538464,0.543918918918919
227,0.9111111111111111,0.8,0.9111111111111111
228,0.7573529411764706,0.6875,0.7573529411764706
229,0.9722222222222222,0.8571428571428571,0.9722222222222222
230,0.7476190476190476,0.6,0.7476190476190476
231,0.5809523809523809,0.6,0.6
232,0.6140350877192982,0.6666666666666666,0.6666666666666666
233,0.972972972972973,0.5384615384615384,0.972972972972973
234,0.7946428571428572,0.6111111111111112,0.7946428571428572
235,0.9655172413793104,0.8095238095238095,0.9655172413793104
236,0.9354838709677419,0.42105263157894735,0.9354838709677419
237,0.8030303030303031,0.5294117647058824,0.8030303030303031
238,0.9411764705882353,0.6875,0.9411764705882353
239,0.9714285714285714,0.8,0.9714285714285714
240,0.7647058823529411,0.5,0.7647058823529411
241,0.6705882352941177,0.75,0.75
242,0.8375,0.6666666666666666,0.8375
243,0.7638888888888888,0.6666666666666666,0.7638888888888888
244,0.65625,0.6666666666666666,0.6666666666666666
245,0.7946428571428572,0.6666666666666666,0.7946428571428572
246,0.9166666666666666,0.5714285714285714,0.9166666666666666
247,0.9393939393939394,0.47058823529411764,0.9393939393939394
248,0.7962962962962963,0.6086956521739131,0.7962962962962963
249,0.9,0.75,0.9
250,0.8918918918918919,0.6153846153846154,0.8918918918918919
251,0.7083333333333334,0.6,0.7083333333333334
252,0.6140350877192982,0.6666666666666666,0.6666666666666666
253,0.6858108108108109,0.6923076923076923,0.6923076923076923
254,0.7528409090909091,0.6111111111111112,0.7528409090909091
255,0.918918918918919,0.5384615384615384,0.918918918918919
256,0.7010869565217391,0.6666666666666666,0.7010869565217391
257,0.5147058823529411,0.5,0.5147058823529411
258,0.7760617760617761,0.6923076923076923,0.7760617760617761
259,0.8104838709677419,0.6842105263157895,0.8104838709677419
260,0.7307692307692308,0.5454545454545454,0.7307692307692308
261,0.7142857142857143,0.5789473684210527,0.7142857142857143
262,0.8282828282828283,0.5294117647058824,0.8282828282828283
263,0.65625,0.7222222222222222,0.7222222222222222
264,0.925,0.9,0.925
265,0.7206349206349206,0.6666666666666666,0.7206349206349206
266,0.5490196078431373,0.625,0.625
267,0.9375,0.6111111111111112,0.9375
268,0.36111111111111116,0.6428571428571429,0.6428571428571429
269,0.797979797979798,0.5882352941176471,0.797979797979798
270,0.8666666666666667,0.6,0.8666666666666667
271,0.972972972972973,0.9230769230769231,0.972972972972973
272,0.9032258064516129,0.631578947368421,0.9032258064516129
273,0.6491228070175439,0.5833333333333334,0.6491228070175439
274,0.8518518518518519,0.5217391304347826,0.8518518518518519
275,0.8571428571428571,0.4666666666666667,0.8571428571428571
276,0.7515151515151515,0.6,0.7515151515151515
277,0.7555555555555555,0.45,0.7555555555555555
278,0.8857142857142857,0.6666666666666666,0.8857142857142857
279,0.625,0.5294117647058824,0.625
280,0.9705882352941176,1.0,1.0
281,0.92,0.64,0.92
282,0.7642857142857142,0.6363636363636364,0.7642857142857142
283,0.6666666666666666,0.5,0.6666666666666666
284,0.8620689655172413,0.6190476190476191,0.8620689655172413
285,0.6357142857142857,0.6666666666666666,0.6666666666666666
286,0.5878378378378378,0.6153846153846154,0.6153846153846154
287,0.9705882352941176,0.625,0.9705882352941176
288,0.5809523809523809,0.7333333333333333,0.7333333333333333
289,0.8918918918918919,0.6153846153846154,0.8918918918918919
290,0.70625,0.6111111111111112,0.70625
291,0.7111111111111111,0.65,0.7111111111111111
292,0.8888888888888888,0.6111111111111112,0.8888888888888888
293,0.7490347490347491,0.6153846153846154,0.7490347490347491
294,0.8428571428571429,0.9333333333333333,0.9333333333333333
295,0.8918918918918919,0.8461538461538461,0.8918918918918919
296,0.6554621848739496,0.6875,0.6875
297,0.8560606060606061,0.5294117647058824,0.8560606060606061
298,0.6388888888888888,0.7857142857142857,0.7857142857142857
299,0.7863247863247864,0.7272727272727273,0.7863247863247864
300,0.9714285714285714,0.4,0.9714285714285714
301,0.8226600985221675,0.7619047619047619,0.8226600985221675
302,0.8787878787878788,0.6470588235294118,0.8787878787878788
303,0.9642857142857143,0.6363636363636364,0.9642857142857143
304,0.4888888888888888,0.7857142857142857,0.7857142857142857
305,0.5738636363636364,0.5,0.5738636363636364
306,0.668421052631579,0.75,0.75
307,0.8464285714285714,0.6,0.8464285714285714
308,0.8333333333333333,0.9285714285714286,0.9285714285714286
309,1.0,0.55,1.0
310,0.6260504201680672,0.5625,0.6260504201680672
311,0.9375,0.8333333333333334,0.9375
312,0.6497695852534562,0.8947368421052632,0.8947368421052632
313,0.7515151515151515,0.65,0.7515151515151515
314,0.8161764705882353,0.5625,0.8161764705882353
315,0.8519480519480519,0.7333333333333333,0.8519480519480519
316,0.75,0.5862068965517241,0.75
317,0.6893939393939394,0.7647058823529411,0.7647058823529411
318,0.875,0.5625,0.875
319,0.4952380952380953,0.5333333333333333,0.5333333333333333
320,0.625,0.8076923076923077,0.8076923076923077
321,0.7598566308243728,0.5263157894736842,0.7598566308243728
322,0.8214285714285714,0.6363636363636364,0.8214285714285714
323,0.7662337662337662,0.6470588235294118,0.7662337662337662
324,0.9,0.65,0.9
325,0.6904761904761905,0.7857142857142857,0.7857142857142857
326,0.7459677419354839,0.5263157894736842,0.7459677419354839
327,0.7592592592592593,0.5217391304347826,0.7592592592592593
328,0.8387096774193549,0.6842105263157895,0.8387096774193549
329,0.8214285714285714,0.7727272727272727,0.8214285714285714
330,0.9032258064516129,0.5263157894736842,0.9032258064516129
331,0.6387096774193548,0.7894736842105263,0.7894736842105263
332,0.7321428571428572,0.7222222222222222,0.7321428571428572
333,0.6126126126126126,0.8461538461538461,0.8461538461538461
334,0.572972972972973,0.5384615384615384,0.572972972972973
335,0.8148148148148148,0.6086956521739131,0.8148148148148148
336,0.9411764705882353,0.5,0.9411764705882353
337,0.8787878787878788,0.7058823529411765,0.8787878787878788
338,0.5089285714285714,0.5,0.5089285714285714
339,0.9696969696969697,0.47058823529411764,0.9696969696969697
340,0.9032258064516129,0.7368421052631579,0.9032258064516129
341,0.8823529411764706,0.6875,0.8823529411764706
342,0.49473684210526314,0.5,0.5
343,0.6944444444444444,0.7142857142857143,0.7142857142857143
344,0.7444444444444445,0.65,0.7444444444444445
345,0.8666666666666667,0.6,0.8666666666666667
346,0.775,0.6666666666666666,0.775
347,0.7840909090909091,0.7058823529411765,0.7840909090909091
348,0.668421052631579,0.5833333333333334,0.668421052631579
349,0.8006535947712419,0.4375,0.8006535947712419
350,0.5852534562211982,0.7894736842105263,0.7894736842105263
351,0.3928571428571429,0.5,0.5
352,0.9473684210526315,0.5833333333333334,0.9473684210526315
353,0.875,0.8,0.875
354,0.6,0.6,0.6
355,0.6928571428571428,0.4666666666666667,0.6928571428571428
356,0.8846153846153846,0.6666666666666666,0.8846153846153846
357,0.8648648648648649,0.8461538461538461,0.8648648648648649
358,0.6954022988505747,0.47619047619047616,0.6954022988505747
359,0.6833333333333333,0.55,0.6833333333333333
360,0.8888888888888888,0.7142857142857143,0.8888888888888888
361,0.9166666666666666,0.7142857142857143,0.9166666666666666
362,0.6848739495798319,0.6875,0.6875
363,0.9629629629629629,0.6521739130434783,0.9629629629629629
364,0.8378378378378378,0.7692307692307693,0.8378378378378378
365,0.896551724137931,0.6666666666666666,0.896551724137931
366,0.7727272727272728,0.6470588235294118,0.7727272727272728
367,0.8823529411764706,0.9375,0.9375
368,0.8194444444444444,0.5,0.8194444444444444
369,0.7688172043010753,0.631578947368421,0.7688172043010753
370,0.6333333333333333,0.7142857142857143,0.7142857142857143
371,0.8918918918918919,0.7692307692307693,0.8918918918918919
372,0.9705882352941176,0.75,0.9705882352941176
373,0.6415584415584416,0.6666666666666666,0.6666666666666666
374,0.896551724137931,0.6666666666666666,0.896551724137931
375,0.7688172043010753,0.631578947368421,0.7688172043010753
376,0.868421052631579,0.5,0.868421052631579
377,0.6527777777777778,0.782608695652174,0.782608695652174
378,0.8857142857142857,0.4666666666666667,0.8857142857142857
379,0.5661764705882353,0.8125,0.8125
380,0.7840909090909091,0.47058823529411764,0.7840909090909091
381,0.5350877192982457,0.9166666666666666,0.9166666666666666
382,0.4354838709677419,0.6842105263157895,0.6842105263157895
383,1.0,0.38461538461538464,1.0
384,0.6031746031746031,0.7391304347826086,0.7391304347826086
385,0.49103942652329746,0.631578947368421,0.631578947368421
386,0.6095238095238096,0.6,0.6095238095238096
387,0.657142857142857,0.7727272727272727,0.7727272727272727
388,0.8544061302681993,0.6666666666666666,0.8544061302681993
389,0.717948717948718,0.75,0.75
390,0.6709677419354838,0.7894736842105263,0.7894736842105263
391,0.90625,0.3333333333333333,0.90625
392,0.7800586510263929,0.5263157894736842,0.7800586510263929
393,0.5888888888888888,0.8260869565217391,0.8260869565217391
394,0.7965367965367967,0.8823529411764706,0.8823529411764706
395,0.6111111111111112,0.7,0.7
396,0.640926640926641,0.6923076923076923,0.6923076923076923
397,0.709090909090909,0.7058823529411765,0.709090909090909
398,0.793918918918919,0.6153846153846154,0.793918918918919
399,0.792626728110599,0.6842105263157895,0.792626728110599
400,0.8064516129032258,0.631578947368421,0.8064516129032258
401,0.875,0.6666666666666666,0.875
402,0.8484848484848485,0.6470588235294118,0.8484848484848485
403,0.719047619047619,0.5333333333333333,0.719047619047619
404,0.8250000000000001,0.6,0.8250000000000001
405,0.9333333333333333,0.7,0.9333333333333333
406,0.9117647058823529,0.6875,0.9117647058823529
407,0.5454545454545454,0.7058823529411765,0.7058823529411765
408,0.7393939393939395,0.7058823529411765,0.7393939393939395
409,0.7688172043010753,0.7368421052631579,0.7688172043010753
410,0.6214285714285714,0.6818181818181818,0.6818181818181818
411,0.3928571428571429,0.5,0.5
412,0.668421052631579,0.5833333333333334,0.668421052631579
413,0.9090909090909091,0.5882352941176471,0.9090909090909091
414,0.972972972972973,0.6923076923076923,0.972972972972973
415,1.0,0.5909090909090909,1.0
416,0.75,0.5555555555555556,0.75
417,0.6285714285714286,0.5333333333333333,0.6285714285714286
418,0.33933933933933935,0.7692307692307693,0.7692307692307693
419,0.9142857142857143,0.7333333333333333,0.9142857142857143
420,0.7393939393939395,0.7647058823529411,0.7647058823529411
421,0.8393939393939395,0.5882352941176471,0.8393939393939395
422,0.7867647058823529,0.6875,0.7867647058823529
423,0.8,0.75,0.8
424,0.9459459459459459,0.6153846153846154,0.9459459459459459
425,0.7214285714285714,0.6666666666666666,0.7214285714285714
426,0.6904761904761905,0.5714285714285714,0.6904761904761905
427,0.480952380952381,0.45,0.480952380952381
428,0.8888888888888888,0.6956521739130435,0.8888888888888888
429,0.84375,0.6111111111111112,0.84375
430,0.7476190476190476,0.4666666666666667,0.7476190476190476
431,0.8030303030303031,0.8235294117647058,0.8235294117647058
432,0.5037878787878788,0.7647058823529411,0.7647058823529411
433,0.8529411764705882,0.6875,0.8529411764705882
434,0.8020833333333334,0.6111111111111112,0.8020833333333334
435,0.9375,0.6666666666666666,0.9375
436,1.0,0.5,1.0
437,0.875,0.65,0.875
438,0.6847290640394088,0.47619047619047616,0.6847290640394088
439,0.9259259259259259,0.8260869565217391,0.9259259259259259
440,0.9333333333333333,0.55,0.9333333333333333
441,0.75,0.7272727272727273,0.75
442,0.8464285714285714,0.4666666666666667,0.8464285714285714
443,0.9117647058823529,0.5,0.9117647058823529
444,0.9428571428571428,0.6666666666666666,0.9428571428571428
445,0.719047619047619,0.7333333333333333,0.7333333333333333
446,0.9230769230769231,0.6666666666666666,0.9230769230769231
447,0.8194444444444444,0.6428571428571429,0.8194444444444444
448,0.8529411764705882,0.625,0.8529411764705882
449,0.76875,0.9444444444444444,0.9444444444444444
450,0.8268398268398269,0.5882352941176471,0.8268398268398269
451,0.9166666666666666,0.4,0.9166666666666666
452,0.761904761904762,0.7727272727272727,0.7727272727272727
453,0.868421052631579,0.5833333333333334,0.868421052631579
454,0.8823529411764706,0.625,0.8823529411764706
455,0.6819923371647509,0.6190476190476191,0.6819923371647509
456,0.896551724137931,0.5714285714285714,0.896551724137931
457,0.6502463054187193,0.7619047619047619,0.7619047619047619
458,0.4791666666666667,0.7222222222222222,0.7222222222222222
459,0.775,0.7,0.775
460,0.9310344827586207,0.5714285714285714,0.9310344827586207
461,0.7326388888888888,0.5,0.7326388888888888
462,0.9375,0.5555555555555556,0.9375
463,0.82010582010582,0.7391304347826086,0.82010582010582
464,0.9444444444444444,0.7142857142857143,0.9444444444444444
465,0.8308270676691729,0.9166666666666666,0.9166666666666666
466,0.3076923076923077,0.45454545454545453,0.45454545454545453
467,0.9375,0.7222222222222222,0.9375
468,0.9705882352941176,0.8125,0.9705882352941176
469,0.5852534562211982,0.5263157894736842,0.5852534562211982
470,0.9210526315789473,0.5,0.9210526315789473
471,0.6730769230769231,0.7083333333333334,0.7083333333333334
472,0.9428571428571428,0.8,0.9428571428571428
473,0.6634920634920635,0.8,0.8
474,0.625,0.5384615384615384,0.625
475,0.7951388888888888,0.6666666666666666,0.7951388888888888
476,0.5784313725490196,0.6875,0.6875
477,0.7117647058823529,0.5,0.7117647058823529
478,0.9310344827586207,0.6666666666666666,0.9310344827586207
479,0.7626262626262625,0.42857142857142855,0.7626262626262625
480,0.84375,0.5,0.84375
481,0.6064516129032258,0.42105263157894735,0.6064516129032258
482,0.9,0.85,0.9
483,0.75,0.5714285714285714,0.75
484,0.367741935483871,0.47368421052631576,0.47368421052631576
485,0.7051282051282052,0.8181818181818182,0.8181818181818182
486,0.9,0.6,0.9
487,0.918918918918919,0.7692307692307693,0.918918918918919
488,0.5608108108108109,0.5384615384615384,0.5608108108108109
489,0.8411764705882353,0.6875,0.8411764705882353
490,0.7164750957854407,0.6666666666666666,0.7164750957854407
491,0.8709677419354839,0.631578947368421,0.8709677419354839
492,0.5454545454545454,0.6470588235294118,0.6470588235294118
493,0.8277310924369747,0.625,0.8277310924369747
494,0.7662337662337662,0.8823529411764706,0.8823529411764706
495,0.85,0.8,0.85
496,1.0,0.5555555555555556,1.0
497,0.9411764705882353,0.875,0.9411764705882353
498,0.9411764705882353,0.8125,0.9411764705882353
499,0.8529411764705882,0.6875,0.8529411764705882
500,0.65625,0.8888888888888888,0.8888888888888888
501,0.918918918918919,0.6923076923076923,0.918918918918919
502,0.8045112781954886,0.8333333333333334,0.8333333333333334
503,0.8823529411764706,0.5,0.8823529411764706
504,0.8275862068965517,0.5714285714285714,0.8275862068965517
505,0.7777777777777778,0.7647058823529411,0.7777777777777778
506,0.8416666666666667,0.7,0.8416666666666667
507,0.8823529411764706,0.5625,0.8823529411764706
508,0.8709677419354839,0.5789473684210527,0.8709677419354839
509,0.9090909090909091,0.6875,0.9090909090909091
510,0.918918918918919,0.7692307692307693,0.918918918918919
511,0.6388888888888888,0.6086956521739131,0.6388888888888888
512,0.5142857142857143,0.8,0.8
513,0.5852534562211982,0.42105263157894735,0.5852534562211982
514,0.8166666666666667,0.5714285714285714,0.8166666666666667
515,0.8056426332288401,0.5238095238095238,0.8056426332288401
516,0.8362573099415205,0.5,0.8362573099415205
517,0.803921568627451,0.4375,0.803921568627451
518,0.9666666666666667,0.45,0.9666666666666667
519,0.967741935483871,0.5789473684210527,0.967741935483871
520,0.7032258064516128,0.631578947368421,0.7032258064516128
521,0.7507507507507508,0.38461538461538464,0.7507507507507508
522,0.43333333333333335,0.5,0.5
523,0.9,0.7,0.9
524,0.7393939393939395,0.5294117647058824,0.7393939393939395
525,0.5931034482758621,0.7142857142857143,0.7142857142857143
526,0.7142857142857142,0.5333333333333333,0.7142857142857142
527,0.6928571428571428,0.4666666666666667,0.6928571428571428
528,0.44594594594594594,0.6153846153846154,0.6153846153846154
529,0.8709677419354839,0.5789473684210527,0.8709677419354839
530,0.7921146953405018,0.5263157894736842,0.7921146953405018
531,0.8275862068965517,0.5238095238095238,0.8275862068965517
532,0.7571428571428571,0.6666666666666666,0.7571428571428571
533,0.7781954887218046,0.6666666666666666,0.7781954887218046
534,0.5643939393939394,0.5882352941176471,0.5882352941176471
535,0.9411764705882353,0.6875,0.9411764705882353
536,0.8031746031746032,0.7333333333333333,0.8031746031746032
537,0.8375,0.6666666666666666,0.8375
538,0.7375,0.8333333333333334,0.8333333333333334
539,0.8015873015873016,0.5714285714285714,0.8015873015873016
540,0.9428571428571428,0.6666666666666666,0.9428571428571428
541,0.7393939393939395,0.8235294117647058,0.8235294117647058
542,0.33939393939393947,0.5294117647058824,0.5294117647058824
543,0.8,0.6,0.8
544,0.8125,0.5555555555555556,0.8125
545,0.8531746031746033,0.5454545454545454,0.8531746031746033
546,0.680672268907563,0.8125,0.8125
547,0.797979797979798,0.47058823529411764,0.797979797979798
548,0.33333333333333337,0.65,0.65
549,0.7946428571428572,0.4444444444444444,0.7946428571428572
550,0.875,0.6875,0.875
551,0.3778801843317972,0.3684210526315789,0.3778801843317972
552,0.9354838709677419,0.5263157894736842,0.9354838709677419
553,0.9142857142857143,0.7333333333333333,0.9142857142857143
554,0.9333333333333333,0.75,0.9333333333333333
555,0.6981981981981983,1.0,1.0
556,0.875,0.2222222222222222,0.875
557,0.7738095238095237,0.5454545454545454,0.7738095238095237
558,0.8620689655172413,0.38095238095238093,0.8620689655172413
559,0.9117647058823529,0.75,0.9117647058823529
560,0.8571428571428572,0.7142857142857143,0.8571428571428572
561,0.9375,0.8333333333333334,0.9375
562,0.9142857142857143,0.6666666666666666,0.9142857142857143
563,0.8928571428571429,0.5909090909090909,0.8928571428571429
564,0.6235294117647059,0.75,0.75
565,0.9032258064516129,0.6842105263157895,0.9032258064516129
566,0.5523809523809524,0.7333333333333333,0.7333333333333333
567,0.6166666666666667,0.85,0.85
568,0.90625,0.7777777777777778,0.90625
569,0.6233766233766234,0.7058823529411765,0.7058823529411765
570,0.7083333333333334,0.65,0.7083333333333334
571,0.8888888888888888,0.8260869565217391,0.8888888888888888
572,0.7509578544061302,0.5714285714285714,0.7509578544061302
573,0.9032258064516129,0.5789473684210527,0.9032258064516129
574,0.8529411764705882,0.75,0.8529411764705882
575,0.8300653594771241,0.6875,0.8300653594771241
576,0.9024390243902439,0.5555555555555556,0.9024390243902439
577,0.9696969696969697,0.5882352941176471,0.9696969696969697
578,0.6642857142857143,0.8,0.8
579,0.6823529411764706,0.625,0.6823529411764706
580,0.8611111111111112,0.6428571428571429,0.8611111111111112
581,0.6285714285714286,0.8,0.8
582,0.9666666666666667,0.55,0.9666666666666667
583,0.8181818181818182,0.8235294117647058,0.8235294117647058
584,0.9722222222222222,0.7142857142857143,0.9722222222222222
585,0.8317460317460317,0.6,0.8317460317460317
586,0.9166666666666666,0.6428571428571429,0.9166666666666666
587,0.9393939393939394,0.5294117647058824,0.9393939393939394
588,0.9722222222222222,0.5,0.9722222222222222
589,0.8055555555555556,0.5714285714285714,0.8055555555555556
590,0.49166666666666664,0.6,0.6
591,0.96875,0.5555555555555556,0.96875
592,0.7662337662337662,0.7058823529411765,0.7662337662337662
593,0.7918918918918919,0.5384615384615384,0.7918918918918919
594,0.746031746031746,0.8,0.8
595,0.7965367965367967,0.7647058823529411,0.7965367965367967
596,0.6363636363636364,0.8235294117647058,0.8235294117647058
597,0.96875,0.5555555555555556,0.96875
598,0.896551724137931,0.6666666666666666,0.896551724137931
599,0.7121212121212122,0.8235294117647058,0.8235294117647058
600,0.96875,0.5,0.96875
601,0.7638888888888888,0.6428571428571429,0.7638888888888888
602,0.5585585585585586,0.6153846153846154,0.6153846153846154
603,0.6142857142857143,0.75,0.75
604,0.65625,0.7222222222222222,0.7222222222222222
605,0.7387096774193549,0.8421052631578947,0.8421052631578947
606,0.6666666666666666,0.5714285714285714,0.6666666666666666
607,0.7629629629629628,0.6956521739130435,0.7629629629629628
608,0.8918918918918919,0.9230769230769231,0.9230769230769231
609,0.7514619883040936,0.5833333333333334,0.7514619883040936
610,0.8428571428571429,0.8,0.8428571428571429
611,0.9117647058823529,0.5,0.9117647058823529
612,0.9705882352941176,0.5625,0.9705882352941176
613,0.7083333333333334,0.65,0.7083333333333334
614,0.7444444444444445,0.8571428571428571,0.8571428571428571
615,0.8333333333333334,0.45,0.8333333333333334
616,0.7571428571428571,0.65,0.7571428571428571
617,0.9666666666666667,0.5,0.9666666666666667
618,0.9333333333333333,0.75,0.9333333333333333
619,0.9444444444444444,0.6428571428571429,0.9444444444444444
620,0.47465437788018433,0.5789473684210527,0.5789473684210527
621,0.9428571428571428,0.6,0.9428571428571428
622,0.9444444444444444,0.5714285714285714,0.9444444444444444
623,0.8,0.55,0.8
624,0.9428571428571428,0.7333333333333333,0.9428571428571428
625,0.5238095238095237,0.6666666666666666,0.6666666666666666
626,0.8333333333333334,0.5714285714285714,0.8333333333333334
627,0.5333333333333333,0.55,0.55
628,0.9259259259259259,0.5217391304347826,0.9259259259259259
629,0.5791505791505792,0.46153846153846156,0.5791505791505792
630,0.6153846153846154,0.6363636363636364,0.6363636363636364
631,0.8472222222222222,0.5,0.8472222222222222
632,0.8333333333333334,0.4444444444444444,0.8333333333333334
633,0.9230769230769231,0.6363636363636364,0.9230769230769231
634,0.6517857142857143,0.6111111111111112,0.6517857142857143
635,0.5333333333333334,0.7,0.7
636,0.9722222222222222,0.5714285714285714,0.9722222222222222
637,0.5376344086021505,0.7368421052631579,0.7368421052631579
638,0.7678571428571429,0.6818181818181818,0.7678571428571429
639,0.8387096774193549,0.6842105263157895,0.8387096774193549
640,0.8823529411764706,0.75,0.8823529411764706
641,0.5378787878787878,0.8235294117647058,0.8235294117647058
642,0.8571428571428572,0.6363636363636364,0.8571428571428572
643,0.9666666666666667,0.5,0.9666666666666667
644,0.9375,0.6666666666666666,0.9375
645,0.8544061302681993,0.7142857142857143,0.8544061302681993
646,0.7376623376623377,0.6666666666666666,0.7376623376623377
647,0.664864864864865,0.5384615384615384,0.664864864864865
648,0.825925925925926,0.6086956521739131,0.825925925925926
649,0.9285714285714286,0.6363636363636364,0.9285714285714286
650,0.7192118226600985,0.5714285714285714,0.7192118226600985
651,0.7083333333333334,0.6153846153846154,0.7083333333333334
652,0.7309941520467835,0.8333333333333334,0.8333333333333334
653,0.7746031746031745,0.4,0.7746031746031745
654,0.8571428571428571,0.4,0.8571428571428571
655,0.9354838709677419,0.5789473684210527,0.9354838709677419
656,0.7424242424242424,0.35714285714285715,0.7424242424242424
657,0.7236842105263158,0.5833333333333334,0.7236842105263158
658,0.8709677419354839,0.631578947368421,0.8709677419354839
659,0.6666666666666667,0.5882352941176471,0.6666666666666667
660,0.6911764705882353,0.375,0.6911764705882353
661,0.9230769230769231,0.5416666666666666,0.9230769230769231
662,0.7444444444444445,0.5,0.7444444444444445
663,0.8857142857142857,0.6,0.8857142857142857
664,0.8611111111111112,0.5714285714285714,0.8611111111111112
665,0.4880952380952381,0.6428571428571429,0.6428571428571429
666,0.96875,0.6111111111111112,0.96875
667,0.70625,0.6666666666666666,0.70625
668,0.49019607843137253,0.5,0.5
669,0.90625,0.5555555555555556,0.90625
670,0.39743589743589747,0.8181818181818182,0.8181818181818182
671,0.55,0.7,0.7
672,0.6363636363636364,0.5,0.6363636363636364
673,0.5367647058823529,0.625,0.625
674,0.6428571428571428,0.8,0.8
675,0.7662337662337662,0.5882352941176471,0.7662337662337662
676,0.9696969696969697,0.8235294117647058,0.9696969696969697
677,0.7638888888888888,0.7222222222222222,0.7638888888888888
678,1.0,0.6875,1.0
679,0.6444444444444445,0.7,0.7
680,0.9428571428571428,0.3333333333333333,0.9428571428571428
681,0.7714285714285714,0.6,0.7714285714285714
682,0.7666666666666667,0.65,0.7666666666666667
683,0.8493589743589743,0.5454545454545454,0.8493589743589743
684,0.9393939393939394,0.7647058823529411,0.9393939393939394
685,0.7745098039215687,0.875,0.875
686,0.7043010752688172,0.5789473684210527,0.7043010752688172
687,0.8611111111111112,0.42857142857142855,0.8611111111111112
688,0.9259259259259259,0.6956521739130435,0.9259259259259259
689,0.7571428571428571,0.7,0.7571428571428571
690,0.8696969696969697,0.7058823529411765,0.8696969696969697
691,0.75,0.7142857142857143,0.75
692,0.7712418300653594,0.5625,0.7712418300653594
693,1.0,0.5238095238095238,1.0
694,0.7083333333333334,0.7,0.7083333333333334
695,0.9354838709677419,0.47368421052631576,0.9354838709677419
696,0.8484848484848485,0.5294117647058824,0.8484848484848485
697,0.5672268907563025,0.6875,0.6875
698,0.8918918918918919,0.6923076923076923,0.8918918918918919
699,0.9142857142857143,0.6,0.9142857142857143
700,0.7774390243902439,0.5555555555555556,0.7774390243902439
701,1.0,0.8666666666666667,1.0
702,0.7222222222222222,0.7857142857142857,0.7857142857142857
703,0.9333333333333333,0.7,0.9333333333333333
704,0.9,0.75,0.9
705,0.4444444444444444,0.7857142857142857,0.7857142857142857
706,0.7696969696969698,0.47058823529411764,0.7696969696969698
707,0.8857142857142857,0.6666666666666666,0.8857142857142857
708,0.7142857142857142,0.4666666666666667,0.7142857142857142
709,0.6928571428571428,0.6363636363636364,0.6928571428571428
710,0.8464285714285714,0.6,0.8464285714285714
711,0.7070707070707072,0.6470588235294118,0.7070707070707072
712,0.7960526315789473,0.75,0.7960526315789473
713,0.6875,0.6111111111111112,0.6875
714,0.9333333333333333,0.7,0.9333333333333333
715,0.71875,0.8888888888888888,0.8888888888888888
716,0.5053763440860215,0.7368421052631579,0.7368421052631579
717,0.9655172413793104,0.5714285714285714,0.9655172413793104
718,0.9259259259259259,0.6086956521739131,0.9259259259259259
719,0.7761904761904762,0.8666666666666667,0.8666666666666667
720,0.6,0.7333333333333333,0.7333333333333333
721,0.5632183908045978,0.5238095238095238,0.5632183908045978
722,0.7573529411764706,0.8125,0.8125
723,0.8888888888888888,0.6521739130434783,0.8888888888888888
724,0.3285714285714286,0.36363636363636365,0.36363636363636365
725,0.9354838709677419,0.5789473684210527,0.9354838709677419
726,0.8918918918918919,0.38461538461538464,0.8918918918918919
727,1.0,0.7222222222222222,1.0
728,0.6944444444444445,0.5714285714285714,0.6944444444444445
729,0.7881773399014778,0.7619047619047619,0.7881773399014778
730,0.41991341991341996,0.5294117647058824,0.5294117647058824
731,0.7196969696969697,0.7647058823529411,0.7647058823529411
732,0.9705882352941176,0.5625,0.9705882352941176
733,0.6590909090909091,0.7058823529411765,0.7058823529411765
734,0.918918918918919,0.7692307692307693,0.918918918918919
735,0.768421052631579,0.75,0.768421052631579
736,0.8857142857142857,0.8,0.8857142857142857
737,0.9117647058823529,0.625,0.9117647058823529
738,1.0,0.7222222222222222,1.0
739,0.6857142857142857,0.8,0.8
740,0.7222222222222222,0.5714285714285714,0.7222222222222222
741,0.9333333333333333,0.55,0.9333333333333333
742,0.867965367965368,0.29411764705882354,0.867965367965368
743,1.0,0.8333333333333334,1.0
744,0.8642857142857143,0.6818181818181818,0.8642857142857143
745,0.9666666666666667,0.7,0.9666666666666667
746,0.8823529411764706,0.5,0.8823529411764706
747,0.26206896551724135,0.7142857142857143,0.7142857142857143
748,0.9393939393939394,0.6470588235294118,0.9393939393939394
749,0.9142857142857143,0.6,0.9142857142857143
750,0.918918918918919,0.6923076923076923,0.918918918918919
751,0.8666666666666667,0.65,0.8666666666666667
752,0.6282051282051282,0.625,0.6282051282051282
753,0.8199233716475096,0.5238095238095238,0.8199233716475096
754,0.9444444444444444,0.7857142857142857,0.9444444444444444
755,0.8888888888888888,0.6086956521739131,0.8888888888888888
756,0.8104838709677419,0.42105263157894735,0.8104838709677419
757,0.918918918918919,0.7692307692307693,0.918918918918919
758,0.7777777777777778,0.6428571428571429,0.7777777777777778
759,0.9117647058823529,0.8125,0.9117647058823529
760,0.7373737373737375,0.6470588235294118,0.7373737373737375
761,0.8209459459459459,0.6923076923076923,0.8209459459459459
762,0.43023255813953487,0.5714285714285714,0.5714285714285714
763,0.7714285714285714,0.6666666666666666,0.7714285714285714
764,0.7662337662337662,0.7647058823529411,0.7662337662337662
765,0.8465909090909091,0.5555555555555556,0.8465909090909091
766,0.6484848484848484,0.8235294117647058,0.8235294117647058
767,0.7638888888888888,0.8571428571428571,0.8571428571428571
768,0.8611111111111112,0.42857142857142855,0.8611111111111112
769,0.9090909090909091,0.5882352941176471,0.9090909090909091
770,0.6720430107526882,0.8947368421052632,0.8947368421052632
771,0.7633928571428572,0.6666666666666666,0.7633928571428572
772,1.0,0.7333333333333333,1.0
773,0.7666666666666667,0.7,0.7666666666666667
774,0.7424242424242424,0.5882352941176471,0.7424242424242424
775,0.9285714285714286,0.6818181818181818,0.9285714285714286
776,0.6666666666666666,0.6428571428571429,0.6666666666666666
777,0.764367816091954,0.8095238095238095,0.8095238095238095
778,0.7182539682539684,0.5714285714285714,0.7182539682539684
779,0.9166666666666666,0.5,0.9166666666666666
780,0.44285714285714284,0.4666666666666667,0.4666666666666667
781,0.8214285714285714,0.5,0.8214285714285714
782,0.7348484848484849,0.6428571428571429,0.7348484848484849
783,0.40909090909090906,0.7058823529411765,0.7058823529411765
784,0.746031746031746,0.8,0.8
785,0.8759398496240601,0.5833333333333334,0.8759398496240601
786,0.9642857142857143,0.6363636363636364,0.9642857142857143
787,0.8125,0.5555555555555556,0.8125
788,0.820855614973262,0.5,0.820855614973262
789,0.6444444444444444,0.5714285714285714,0.6444444444444444
790,0.8333333333333334,0.5,0.8333333333333334
791,0.6666666666666667,0.6111111111111112,0.6666666666666667
792,0.5315315315315317,0.7692307692307693,0.7692307692307693
793,0.6865079365079365,0.7142857142857143,0.7142857142857143
794,0.9714285714285714,0.7333333333333333,0.9714285714285714
795,0.7914438502673796,0.6875,0.7914438502673796
796,0.7142857142857142,0.7333333333333333,0.7333333333333333
797,0.6411764705882352,0.75,0.75
798,0.6071428571428571,0.7272727272727273,0.7272727272727273
799,0.8222222222222222,0.7,0.8222222222222222
800,0.9090909090909091,0.5882352941176471,0.9090909090909091
801,0.8571428571428571,0.6,0.8571428571428571
802,0.7333333333333334,0.6,0.7333333333333334
803,0.7709677419354839,0.7368421052631579,0.7709677419354839
804,0.9459459459459459,0.46153846153846156,0.9459459459459459
805,0.6415584415584416,0.8,0.8
806,0.8143939393939394,0.8235294117647058,0.8235294117647058
807,0.9666666666666667,0.75,0.9666666666666667
808,0.8293650793650793,0.5714285714285714,0.8293650793650793
809,0.8,0.55,0.8
810,0.7722222222222221,0.7857142857142857,0.7857142857142857
811,0.7736842105263158,0.5833333333333334,0.7736842105263158
812,0.9375,0.6666666666666666,0.9375
813,0.7182539682539684,0.5714285714285714,0.7182539682539684
814,0.675,0.55,0.675
815,0.638095238095238,0.4666666666666667,0.638095238095238
816,0.8362573099415205,0.5833333333333334,0.8362573099415205
817,0.7745098039215687,0.6875,0.7745098039215687
818,0.9032258064516129,0.631578947368421,0.9032258064516129
819,0.7043010752688172,0.7894736842105263,0.7894736842105263
820,0.7000000000000001,0.65,0.7000000000000001
821,0.6357142857142857,0.6666666666666666,0.6666666666666666
822,0.7878787878787878,0.5294117647058824,0.7878787878787878
823,0.6966966966966968,0.5384615384615384,0.6966966966966968
824,0.9142857142857143,0.6666666666666666,0.9142857142857143
825,0.6388888888888888,0.5,0.6388888888888888
826,0.7411764705882353,0.9375,0.9375
827,0.56875,0.4444444444444444,0.56875
828,0.7394957983193278,0.6875,0.7394957983193278
829,0.6120689655172413,0.6190476190476191,0.6190476190476191
830,0.6857142857142857,0.6,0.6857142857142857
831,0.8310344827586207,0.5714285714285714,0.8310344827586207
832,0.9736842105263158,0.25,0.9736842105263158
833,0.7222222222222222,0.6428571428571429,0.7222222222222222
834,0.5892857142857143,0.7777777777777778,0.7777777777777778
835,0.6848739495798319,0.5625,0.6848739495798319
836,0.6571428571428571,0.4,0.6571428571428571
837,0.8947368421052632,0.6666666666666666,0.8947368421052632
838,0.8666666666666667,0.5,0.8666666666666667
839,0.46370967741935487,0.47368421052631576,0.47368421052631576
840,0.4722222222222222,0.7857142857142857,0.7857142857142857
841,0.8223684210526315,0.5833333333333334,0.8223684210526315
842,0.7593582887700534,0.625,0.7593582887700534
843,0.8787878787878788,0.6470588235294118,0.8787878787878788
844,0.645320197044335,0.6190476190476191,0.645320197044335
845,0.8918918918918919,0.8461538461538461,0.8918918918918919
846,0.9666666666666667,0.55,0.9666666666666667
847,0.8857142857142857,0.4666666666666667,0.8857142857142857
848,0.8787878787878788,0.8235294117647058,0.8787878787878788
849,0.8709677419354839,0.5263157894736842,0.8709677419354839
850,0.8416666666666667,0.65,0.8416666666666667
851,0.7333333333333334,0.9,0.9
852,1.0,0.7647058823529411,1.0
853,0.9705882352941176,0.625,0.9705882352941176
854,0.6720430107526882,0.631578947368421,0.6720430107526882
855,0.7151767151767152,0.7692307692307693,0.7692307692307693
856,0.7321428571428571,0.4666666666666667,0.7321428571428571
857,0.5784313725490196,0.5625,0.5784313725490196
858,0.96875,0.7222222222222222,0.96875
859,0.9705882352941176,0.5,0.9705882352941176
860,0.8787878787878788,0.6470588235294118,0.8787878787878788
861,0.90625,0.7777777777777778,0.90625
862,0.8571428571428571,0.6,0.8571428571428571
863,0.6590909090909091,0.6470588235294118,0.6590909090909091
864,0.5197368421052632,0.5,0.5197368421052632
865,0.8285714285714286,0.7333333333333333,0.8285714285714286
866,0.875,0.8888888888888888,0.8888888888888888
867,0.6730769230769231,0.6363636363636364,0.6730769230769231
868,0.8310344827586207,0.5238095238095238,0.8310344827586207
869,0.6944444444444444,0.8571428571428571,0.8571428571428571
870,0.8823529411764706,0.75,0.8823529411764706
871,0.8181818181818182,0.7058823529411765,0.8181818181818182
872,0.7946428571428572,0.6666666666666666,0.7946428571428572
873,0.6166666666666667,0.8,0.8
874,0.7536945812807883,0.7619047619047619,0.7619047619047619
875,0.6060606060606062,0.5882352941176471,0.6060606060606062
876,0.6886446886446886,0.5454545454545454,0.6886446886446886
877,0.8823529411764706,0.5625,0.8823529411764706
878,0.8333333333333334,0.55,0.8333333333333334
879,0.6965517241379311,0.6190476190476191,0.6965517241379311
880,0.8823529411764706,0.5,0.8823529411764706
881,0.9714285714285714,0.4,0.9714285714285714
882,0.9428571428571428,0.4666666666666667,0.9428571428571428
883,0.8446969696969697,0.47058823529411764,0.8446969696969697
884,0.7394957983193278,0.75,0.75
885,0.709090909090909,0.5882352941176471,0.709090909090909
886,0.6627565982404692,0.5789473684210527,0.6627565982404692
887,0.6517857142857143,0.7222222222222222,0.7222222222222222
888,0.7965367965367967,0.7647058823529411,0.7965367965367967
889,0.7424242424242424,0.7058823529411765,0.7424242424242424
890,0.8823529411764706,0.6875,0.8823529411764706
891,0.7166666666666667,0.65,0.7166666666666667
892,0.43939393939393945,0.7058823529411765,0.7058823529411765
893,0.75,0.6666666666666666,0.75
894,0.7128378378378378,0.7692307692307693,0.7692307692307693
895,0.7536945812807883,0.7619047619047619,0.7619047619047619
896,0.8,0.5625,0.8
897,0.7243589743589743,0.5454545454545454,0.7243589743589743
898,0.6875,0.5555555555555556,0.6875
899,0.2534562211981567,0.42105263157894735,0.42105263157894735
900,0.9393939393939394,0.47058823529411764,0.9393939393939394
901,0.9393939393939394,0.7058823529411765,0.9393939393939394
902,0.70625,0.8333333333333334,0.8333333333333334
903,0.7980769230769231,0.7272727272727273,0.7980769230769231
904,0.9090909090909091,0.8235294117647058,0.9090909090909091
905,0.8620689655172413,0.8095238095238095,0.8620689655172413
906,0.7220077220077221,0.5384615384615384,0.7220077220077221
907,0.9354838709677419,0.6842105263157895,0.9354838709677419
908,0.7450980392156863,0.625,0.7450980392156863
909,0.6617647058823529,0.625,0.6617647058823529
910,1.0,0.55,1.0
911,0.8308270676691729,0.6666666666666666,0.8308270676691729
912,0.9615384615384616,0.7083333333333334,0.9615384615384616
913,0.5047619047619047,0.65,0.65
914,0.646551724137931,0.6666666666666666,0.6666666666666666
915,0.96,0.76,0.96
916,0.9230769230769231,0.5833333333333334,0.9230769230769231
917,0.6166666666666667,0.65,0.65
918,0.9333333333333333,0.6,0.9333333333333333
919,0.6767676767676767,0.5294117647058824,0.6767676767676767
920,0.8571428571428571,0.4,0.8571428571428571
921,0.7428571428571429,0.6,0.7428571428571429
922,0.9459459459459459,0.6153846153846154,0.9459459459459459
923,0.9032258064516129,0.5789473684210527,0.9032258064516129
924,0.9,0.5,0.9
925,0.8823529411764706,0.6875,0.8823529411764706
926,0.8104838709677419,0.7894736842105263,0.8104838709677419
927,0.9411764705882353,0.8125,0.9411764705882353
928,0.7142857142857142,0.5,0.7142857142857142
929,0.7633928571428572,0.7222222222222222,0.7633928571428572
930,0.9166666666666666,0.6428571428571429,0.9166666666666666
931,0.6524390243902439,0.7777777777777778,0.7777777777777778
932,1.0,0.6818181818181818,1.0
933,0.8020833333333334,0.6111111111111112,0.8020833333333334
934,0.7142857142857142,0.8,0.8
935,0.972972972972973,0.46153846153846156,0.972972972972973
936,0.7142857142857142,0.6666666666666666,0.7142857142857142
937,0.9285714285714286,0.5454545454545454,0.9285714285714286
938,0.7100840336134453,0.5625,0.7100840336134453
939,0.8655172413793104,0.7142857142857143,0.8655172413793104
940,0.6484848484848484,0.5882352941176471,0.6484848484848484
941,0.696969696969697,0.7647058823529411,0.7647058823529411
942,0.8142857142857143,0.6,0.8142857142857143
943,0.7946428571428572,0.6111111111111112,0.7946428571428572
944,0.7222222222222222,0.5714285714285714,0.7222222222222222
945,0.6666666666666666,0.35714285714285715,0.6666666666666666
946,0.9714285714285714,0.6666666666666666,0.9714285714285714
947,0.7100840336134453,0.75,0.75
948,0.5643939393939394,0.6470588235294118,0.6470588235294118
949,0.6711711711711712,0.6153846153846154,0.6711711711711712
950,0.5585585585585586,0.5384615384615384,0.5585585585585586
951,0.6517857142857143,0.4444444444444444,0.6517857142857143
952,0.9393939393939394,0.7058823529411765,0.9393939393939394
953,0.518918918918919,0.5384615384615384,0.5384615384615384
954,0.7166666666666666,0.7142857142857143,0.7166666666666666
955,0.6854838709677419,0.631578947368421,0.6854838709677419
956,0.509090909090909,0.7058823529411765,0.7058823529411765
957,0.6777777777777778,0.55,0.6777777777777778
958,0.8709677419354839,0.7894736842105263,0.8709677419354839
959,0.8461538461538461,0.6666666666666666,0.8461538461538461
960,0.7962962962962963,0.6086956521739131,0.7962962962962963
961,0.8143939393939394,0.5294117647058824,0.8143939393939394
962,0.8226600985221675,0.8571428571428571,0.8571428571428571
963,0.7298850574712644,0.6190476190476191,0.7298850574712644
964,0.9310344827586207,0.6190476190476191,0.9310344827586207
965,0.7279411764705882,0.625,0.7279411764705882
966,0.9666666666666667,0.5,0.9666666666666667
967,0.918918918918919,0.6153846153846154,0.918918918918919
968,0.5384615384615385,0.8181818181818182,0.8181818181818182
969,0.7965367965367967,0.5882352941176471,0.7965367965367967
970,0.7777777777777777,0.7857142857142857,0.7857142857142857
971,0.6090225563909775,0.75,0.75
972,0.7741935483870968,0.631578947368421,0.7741935483870968
973,0.9375,0.8333333333333334,0.9375
974,0.75,0.6428571428571429,0.75
975,0.9166666666666666,0.5,0.9166666666666666
976,0.6349206349206349,0.6428571428571429,0.6428571428571429
977,0.7840909090909091,0.6470588235294118,0.7840909090909091
978,0.8285714285714286,0.6363636363636364,0.8285714285714286
979,0.4,0.6428571428571429,0.6428571428571429
980,0.9428571428571428,0.8666666666666667,0.9428571428571428
981,0.7476190476190476,0.8,0.8
982,0.7428571428571429,0.8,0.8
983,0.8125,0.5555555555555556,0.8125
984,0.8,0.48,0.8
985,0.7678571428571429,0.7272727272727273,0.7678571428571429
986,0.5523809523809524,0.6,0.6
987,0.6309523809523809,0.8181818181818182,0.8181818181818182
988,0.896551724137931,0.8571428571428571,0.896551724137931
989,0.8928571428571429,0.6363636363636364,0.8928571428571429
990,0.7738095238095237,0.7857142857142857,0.7857142857142857
991,0.849002849002849,0.6521739130434783,0.849002849002849
992,0.6484848484848484,0.5882352941176471,0.6484848484848484
993,0.746031746031746,0.5714285714285714,0.746031746031746
994,0.8392857142857143,0.6818181818181818,0.8392857142857143
995,0.8461538461538461,0.6666666666666666,0.8461538461538461
996,0.9411764705882353,0.75,0.9411764705882353
997,0.6862745098039216,0.5625,0.6862745098039216
998,0.65,0.65,0.65
999,0.875,0.6666666666666666,0.875
1000,0.6743295019157088,0.47619047619047616,0.6743295019157088
1001,0.8544061302681993,0.5714285714285714,0.8544061302681993
1002,0.7000000000000001,0.45,0.7000000000000001
1003,0.6502463054187193,0.6190476190476191,0.6502463054187193
1004,0.9411764705882353,0.625,0.9411764705882353
1005,0.675,0.4444444444444444,0.675
1006,0.803088803088803,0.46153846153846156,0.803088803088803
1007,0.7979797979797979,0.6428571428571429,0.7979797979797979
1008,0.5887096774193549,0.7894736842105263,0.7894736842105263
1009,0.668421052631579,0.3333333333333333,0.668421052631579
1010,0.9375,0.7222222222222222,0.9375
1011,0.875,0.7777777777777778,0.875
1012,0.5714285714285714,0.6666666666666666,0.6666666666666666
1013,0.8045112781954886,0.75,0.8045112781954886
1014,0.8888888888888888,0.5,0.8888888888888888
1015,0.9285714285714286,0.5,0.9285714285714286
1016,0.7980769230769231,0.8333333333333334,0.8333333333333334
1017,0.6148648648648649,0.6923076923076923,0.6923076923076923
1018,0.90625,0.5555555555555556,0.90625
1019,0.7536656891495601,0.7894736842105263,0.7894736842105263
1020,0.90625,0.6666666666666666,0.90625
1021,0.7946428571428572,0.6111111111111112,0.7946428571428572
1022,0.6904761904761905,0.7142857142857143,0.7142857142857143
1023,0.6060606060606062,0.8235294117647058,0.8235294117647058
1024,0.6590909090909091,0.7058823529411765,0.7058823529411765
1025,0.7459677419354839,0.7368421052631579,0.7459677419354839
1026,0.6060606060606062,0.4117647058823529,0.6060606060606062
1027,0.4484848484848485,0.5294117647058824,0.5294117647058824
1028,0.8263888888888888,0.4444444444444444,0.8263888888888888
1029,0.5919540229885057,0.5714285714285714,0.5919540229885057
1030,0.8235294117647058,0.8125,0.8235294117647058
1031,0.9666666666666667,0.55,0.9666666666666667
1032,0.567741935483871,0.5263157894736842,0.567741935483871
1033,0.33333333333333337,0.7,0.7
1034,0.90625,0.6666666666666666,0.90625
1035,0.6944444444444445,0.7142857142857143,0.7142857142857143
1036,0.771551724137931,0.5238095238095238,0.771551724137931
1037,0.6981981981981983,0.6153846153846154,0.6981981981981983
1038,0.7555555555555555,0.65,0.7555555555555555
1039,0.8666666666666667,0.65,0.8666666666666667
1040,0.5451127819548873,0.5833333333333334,0.5833333333333334
1041,0.9666666666666667,0.6,0.9666666666666667
1042,0.8030303030303031,0.7058823529411765,0.8030303030303031
1043,0.8571428571428571,0.8,0.8571428571428571
1044,0.9487179487179487,0.5454545454545454,0.9487179487179487
1045,0.8974358974358975,0.7272727272727273,0.8974358974358975
1046,0.8333333333333334,0.5789473684210527,0.8333333333333334
1047,0.8629629629629629,0.5652173913043478,0.8629629629629629
1048,0.6730769230769231,0.5833333333333334,0.6730769230769231
1049,0.65625,0.6666666666666666,0.6666666666666666
1050,0.7988505747126438,0.6666666666666666,0.7988505747126438
1051,0.9444444444444444,0.6428571428571429,0.9444444444444444
1052,0.7411764705882353,0.8125,0.8125
1053,0.9032258064516129,0.6842105263157895,0.9032258064516129
1054,0.6484848484848484,0.5294117647058824,0.6484848484848484
1055,0.6215277777777778,0.7222222222222222,0.7222222222222222
1056,0.7171717171717172,0.5882352941176471,0.7171717171717172
1057,0.8857142857142857,0.8,0.8857142857142857
1058,0.8620689655172413,0.6666666666666666,0.8620689655172413
1059,0.5666666666666667,0.6,0.6
1060,0.8611111111111112,0.5714285714285714,0.8611111111111112
1061,0.6071428571428572,0.6818181818181818,0.6818181818181818
1062,0.8387096774193549,0.7368421052631579,0.8387096774193549
1063,1.0,0.6666666666666666,1.0
1064,0.8888888888888888,0.6190476190476191,0.8888888888888888
1065,0.9714285714285714,0.6,0.9714285714285714
1066,0.8571428571428571,0.6,0.8571428571428571
1067,0.5784313725490196,0.625,0.625
1068,0.7238095238095239,0.7,0.7238095238095239
1069,0.918918918918919,0.8461538461538461,0.918918918918919
1070,0.5585585585585586,0.6923076923076923,0.6923076923076923
1071,0.9090909090909091,0.7058823529411765,0.9090909090909091
1072,0.803088803088803,0.5384615384615384,0.803088803088803
1073,0.7272727272727273,0.631578947368421,0.7272727272727273
1074,0.6398467432950191,0.7619047619047619,0.7619047619047619
1075,0.8787878787878788,0.7058823529411765,0.8787878787878788
1076,0.7741935483870968,0.7894736842105263,0.7894736842105263
1077,0.9142857142857143,0.6,0.9142857142857143
1078,0.90625,0.6111111111111112,0.90625
1079,0.4629629629629629,0.6521739130434783,0.6521739130434783
1080,0.4411764705882353,0.5,0.5
1081,0.7777777777777778,0.7857142857142857,0.7857142857142857
1082,0.7983193277310925,0.5625,0.7983193277310925
1083,0.683982683982684,0.5882352941176471,0.683982683982684
1084,0.967741935483871,0.7368421052631579,0.967741935483871
1085,0.6418918918918919,0.7692307692307693,0.7692307692307693
1086,0.8709677419354839,0.6842105263157895,0.8709677419354839
1087,0.8020833333333334,0.5,0.8020833333333334
1088,0.787878787878788,0.5714285714285714,0.787878787878788
1089,0.8666666666666667,0.65,0.8666666666666667
1090,0.792626728110599,0.631578947368421,0.792626728110599
1091,0.8823529411764706,0.75,0.8823529411764706
1092,0.828009828009828,0.5384615384615384,0.828009828009828
1093,0.7837837837837838,0.7692307692307693,0.7837837837837838
1094,0.9117647058823529,0.6875,0.9117647058823529
1095,0.56875,0.5555555555555556,0.56875
1096,0.8064516129032258,0.7894736842105263,0.8064516129032258
1097,0.8375,0.5,0.8375
1098,0.75,0.5294117647058824,0.75
1099,0.8257575757575757,0.5,0.8257575757575757
1100,0.4411764705882353,0.5625,0.5625
1101,0.6823529411764706,0.8125,0.8125
1102,0.8928571428571429,0.6818181818181818,0.8928571428571429
1103,0.6787878787878787,0.7058823529411765,0.7058823529411765
1104,0.6802168021680217,0.8888888888888888,0.8888888888888888
1105,0.9090909090909091,0.7647058823529411,0.9090909090909091
1106,0.75,0.5555555555555556,0.75
1107,0.7840909090909091,0.47058823529411764,0.7840909090909091
1108,0.7714285714285714,0.5333333333333333,0.7714285714285714
1109,0.8010752688172044,0.5789473684210527,0.8010752688172044
1110,0.7722222222222221,0.8571428571428571,0.8571428571428571
1111,0.96,0.64,0.96
1112,0.8010752688172044,0.631578947368421,0.8010752688172044
1113,0.8277310924369747,0.5,0.8277310924369747
1114,0.6601307189542484,0.625,0.6601307189542484
1115,0.7373737373737375,0.6470588235294118,0.7373737373737375
1116,0.9333333333333333,0.75,0.9333333333333333
1117,0.7941176470588235,0.5625,0.7941176470588235
1118,0.657142857142857,0.8,0.8
1119,0.9230769230769231,0.8333333333333334,0.9230769230769231
1120,0.8416666666666667,0.65,0.8416666666666667
1121,0.6590909090909091,0.7647058823529411,0.7647058823529411
1122,0.9333333333333333,0.55,0.9333333333333333
1123,0.70625,0.5,0.70625
1124,0.7722222222222221,0.5714285714285714,0.7722222222222221
1125,0.6285714285714286,0.4666666666666667,0.6285714285714286
1126,0.9714285714285714,0.5333333333333333,0.9714285714285714
1127,0.6061776061776062,0.6923076923076923,0.6923076923076923
1128,0.8333333333333334,0.75,0.8333333333333334
1129,0.9655172413793104,0.47619047619047616,0.9655172413793104
1130,0.9666666666666667,0.5,0.9666666666666667
1131,0.6287878787878788,0.7058823529411765,0.7058823529411765
1132,0.9696969696969697,0.47058823529411764,0.9696969696969697
1133,0.8157894736842105,0.75,0.8157894736842105
1134,0.5329670329670331,0.5416666666666666,0.5416666666666666
1135,0.8629629629629629,0.782608695652174,0.8629629629629629
1136,0.7428571428571429,0.7333333333333333,0.7428571428571429
1137,0.8620689655172413,0.5714285714285714,0.8620689655172413
1138,0.9354838709677419,0.631578947368421,0.9354838709677419
1139,0.7727272727272728,0.5294117647058824,0.7727272727272728
1140,0.6846153846153846,0.5833333333333334,0.6846153846153846
1141,0.7976190476190477,0.45454545454545453,0.7976190476190477
1142,0.7840909090909091,0.7777777777777778,0.7840909090909091
1143,0.7032258064516128,0.631578947368421,0.7032258064516128
1144,0.6590909090909091,0.5882352941176471,0.6590909090909091
1145,0.9696969696969697,0.7058823529411765,0.9696969696969697
1146,0.9655172413793104,0.6190476190476191,0.9655172413793104
1147,1.0,0.8,1.0
1148,0.767741935483871,0.42105263157894735,0.767741935483871
1149,0.9642857142857143,0.8181818181818182,0.9642857142857143
1150,0.6388888888888888,0.5,0.6388888888888888
1151,0.7946428571428572,0.5555555555555556,0.7946428571428572
1152,0.709090909090909,0.7058823529411765,0.709090909090909
1153,0.9393939393939394,0.7647058823529411,0.9393939393939394
1154,0.9655172413793104,0.6190476190476191,0.9655172413793104
1155,0.6928571428571428,0.45454545454545453,0.6928571428571428
1156,0.5952380952380953,0.8181818181818182,0.8181818181818182
1157,0.9090909090909091,0.4117647058823529,0.9090909090909091
1158,0.6666666666666666,0.7142857142857143,0.7142857142857143
1159,0.84375,0.7222222222222222,0.84375
1160,0.22058823529411764,0.9375,0.9375
1161,0.8603174603174604,0.8666666666666667,0.8666666666666667
1162,0.9032258064516129,0.631578947368421,0.9032258064516129
1163,0.9333333333333333,0.6,0.9333333333333333
1164,0.8083333333333333,0.75,0.8083333333333333
1165,0.7965367965367967,0.8235294117647058,0.8235294117647058
1166,1.0,0.45,1.0
1167,0.8333333333333334,0.7,0.8333333333333334
1168,0.75,0.6666666666666666,0.75
1169,0.8787878787878788,0.7647058823529411,0.8787878787878788
1170,0.967741935483871,0.631578947368421,0.967741935483871
1171,0.92,0.72,0.92
1172,0.5287356321839081,0.6190476190476191,0.6190476190476191
1173,0.7712418300653594,0.6875,0.7712418300653594
1174,1.0,0.7142857142857143,1.0
1175,0.71875,0.5555555555555556,0.71875
1176,0.7326388888888888,0.7222222222222222,0.7326388888888888
1177,0.9310344827586207,0.8095238095238095,0.9310344827586207
1178,0.9444444444444444,0.6428571428571429,0.9444444444444444
1179,0.7032967032967032,0.7083333333333334,0.7083333333333334
1180,0.6285714285714286,0.4666666666666667,0.6285714285714286
1181,0.2727272727272728,0.5294117647058824,0.5294117647058824
1182,0.8947368421052632,0.75,0.8947368421052632
1183,0.9428571428571428,0.4,0.9428571428571428
1184,0.5454545454545454,0.7647058823529411,0.7647058823529411
1185,0.9333333333333333,0.85,0.9333333333333333
1186,0.9428571428571428,0.8,0.9428571428571428
1187,0.8285714285714286,0.6666666666666666,0.8285714285714286
1188,0.525,0.4,0.525
1189,0.625,0.6956521739130435,0.6956521739130435
1190,0.8045112781954886,0.7096774193548387,0.8045112781954886
1191,0.90625,0.5555555555555556,0.90625
1192,0.7008547008547009,0.45454545454545453,0.7008547008547009
1193,0.8,0.7647058823529411,0.8
1194,0.4235294117647058,0.9375,0.9375
1195,0.8787878787878788,0.7058823529411765,0.8787878787878788
1196,0.9310344827586207,0.47619047619047616,0.9310344827586207
1197,0.48571428571428565,0.6,0.6
1198,0.9736842105263158,0.6666666666666666,0.9736842105263158
1199,0.9714285714285714,0.5333333333333333,0.9714285714285714
1200,0.6642857142857143,0.5333333333333333,0.6642857142857143
1201,0.8387096774193549,0.7894736842105263,0.8387096774193549
1202,0.6642857142857143,0.7333333333333333,0.7333333333333333
1203,0.875,0.5555555555555556,0.875
1204,0.719047619047619,0.9333333333333333,0.9333333333333333
1205,0.4125,0.7222222222222222,0.7222222222222222
1206,0.8472222222222222,0.5714285714285714,0.8472222222222222
1207,0.8888888888888888,0.7894736842105263,0.8888888888888888
1208,0.8181818181818182,0.5294117647058824,0.8181818181818182
1209,0.7008928571428572,0.6111111111111112,0.7008928571428572
1210,0.6893939393939394,0.6470588235294118,0.6893939393939394
1211,0.38235294117647056,0.6875,0.6875
1212,0.41517857142857145,0.6666666666666666,0.6666666666666666
1213,0.8620689655172413,0.5238095238095238,0.8620689655172413
1214,0.783068783068783,0.782608695652174,0.783068783068783
1215,0.7666666666666667,0.6,0.7666666666666667
1216,0.5643939393939394,0.7058823529411765,0.7058823529411765
1217,0.8823529411764706,0.5625,0.8823529411764706
1218,0.9142857142857143,0.5333333333333333,0.9142857142857143
1219,0.9705882352941176,0.5,0.9705882352941176
1220,0.43434343434343436,0.6470588235294118,0.6470588235294118
1221,0.9444444444444444,0.7857142857142857,0.9444444444444444
1222,0.8045112781954886,0.75,0.8045112781954886
1223,0.825,0.6,0.825
1224,0.8888888888888888,0.7142857142857143,0.8888888888888888
1225,0.9666666666666667,0.75,0.9666666666666667
1226,0.46875,0.6666666666666666,0.6666666666666666
1227,0.7142857142857142,0.5333333333333333,0.7142857142857142
1228,0.4084967320261438,0.6875,0.6875
1229,0.7857142857142858,0.5,0.7857142857142858
1230,0.65625,0.6666666666666666,0.6666666666666666
1231,0.6461538461538461,0.7272727272727273,0.7272727272727273
1232,0.7761904761904762,0.6,0.7761904761904762
1233,0.8585858585858586,0.7058823529411765,0.8585858585858586
1234,0.8823529411764706,0.5625,0.8823529411764706
1235,0.4636363636363636,1.0,1.0
1236,0.7333333333333334,0.9285714285714286,0.9285714285714286
1237,0.9743589743589743,0.6363636363636364,0.9743589743589743
1238,0.7333333333333334,0.65,0.7333333333333334
1239,0.641025641025641,0.45454545454545453,0.641025641025641
1240,0.8611111111111112,0.6428571428571429,0.8611111111111112
1241,0.9459459459459459,0.6153846153846154,0.9459459459459459
1242,0.6349206349206349,0.6666666666666666,0.6666666666666666
1243,0.78125,0.6666666666666666,0.78125
1244,0.8529411764705882,0.75,0.8529411764705882
1245,0.9444444444444444,0.7857142857142857,0.9444444444444444
1246,0.8446969696969697,0.5294117647058824,0.8446969696969697
1247,0.8125,0.6111111111111112,0.8125
1248,0.9310344827586207,0.7142857142857143,0.9310344827586207
1249,0.7280701754385965,0.5,0.7280701754385965
1250,0.7476190476190476,0.7333333333333333,0.7476190476190476
1251,0.7121212121212122,0.7647058823529411,0.7647058823529411
1252,0.7083333333333334,0.6,0.7083333333333334
1253,0.75,0.7222222222222222,0.75
1254,0.7238095238095239,0.55,0.7238095238095239
1255,0.7476190476190476,0.8,0.8
1256,0.5393939393939394,0.6470588235294118,0.6470588235294118
1257,0.8529411764705882,0.75,0.8529411764705882
1258,1.0,0.5,1.0
1259,0.7321428571428571,0.6666666666666666,0.7321428571428571
1260,0.5238095238095237,0.7333333333333333,0.7333333333333333
1261,0.8015873015873016,0.5,0.8015873015873016
1262,0.680952380952381,0.6,0.680952380952381
1263,0.9210526315789473,0.5833333333333334,0.9210526315789473
1264,0.967741935483871,0.47368421052631576,0.967741935483871
1265,0.8030303030303031,0.5882352941176471,0.8030303030303031
1266,0.7509578544061302,0.47619047619047616,0.7509578544061302
1267,0.9090909090909091,0.7058823529411765,0.9090909090909091
1268,0.7298850574712644,0.5238095238095238,0.7298850574712644
1269,0.9375,0.6111111111111112,0.9375
1270,0.5857142857142856,0.6,0.6
1271,0.7333333333333334,0.55,0.7333333333333334
1272,0.9166666666666666,0.7142857142857143,0.9166666666666666
1273,0.7676767676767677,0.6470588235294118,0.7676767676767677
1274,0.9310344827586207,0.5714285714285714,0.9310344827586207
1275,0.9142857142857143,0.6,0.9142857142857143
1276,0.8161764705882353,0.6875,0.8161764705882353
1277,0.8194444444444444,0.6428571428571429,0.8194444444444444
1278,0.70625,0.5,0.70625
1279,1.0,0.65,1.0
1280,0.4928571428571429,0.6363636363636364,0.6363636363636364
1281,0.6964285714285714,0.5,0.6964285714285714
1282,0.5757575757575757,0.6470588235294118,0.6470588235294118
1283,0.82010582010582,0.6956521739130435,0.82010582010582
1284,0.5860805860805861,0.5454545454545454,0.5860805860805861
1285,0.7666666666666667,0.7,0.7666666666666667
1286,0.8465909090909091,0.6666666666666666,0.8465909090909091
1287,0.5476190476190477,0.55,0.55
1288,0.8222222222222222,0.6,0.8222222222222222
1289,0.6217948717948718,0.36363636363636365,0.6217948717948718
1290,0.8529411764705882,0.6875,0.8529411764705882
1291,0.625,0.7307692307692307,0.7307692307692307
1292,0.5,0.65,0.65
1293,0.7038961038961038,0.4666666666666667,0.7038961038961038
1294,0.5729166666666667,0.6111111111111112,0.6111111111111112
1295,0.8006535947712419,0.6875,0.8006535947712419
1296,0.7666666666666667,0.6,0.7666666666666667
1297,0.7696969696969698,0.7647058823529411,0.7696969696969698
1298,0.7192118226600985,0.7142857142857143,0.7192118226600985
1299,0.9393939393939394,0.6470588235294118,0.9393939393939394
1300,0.9090909090909091,0.7647058823529411,0.9090909090909091
1301,0.7522522522522523,0.5384615384615384,0.7522522522522523
1302,0.7395833333333334,0.7777777777777778,0.7777777777777778
1303,0.6120689655172413,0.5238095238095238,0.6120689655172413
1304,0.9117647058823529,0.5625,0.9117647058823529
1305,0.8125,0.7777777777777778,0.8125
1306,0.6323529411764706,0.75,0.75
1307,0.9714285714285714,0.5333333333333333,0.9714285714285714
1308,0.8064516129032258,0.6842105263157895,0.8064516129032258
1309,0.9090909090909091,0.7058823529411765,0.9090909090909091
1310,0.8603174603174604,0.7333333333333333,0.8603174603174604
1311,0.5892857142857143,0.6111111111111112,0.6111111111111112
1312,0.9393939393939394,0.7058823529411765,0.9393939393939394
1313,0.5614035087719298,0.75,0.75
1314,0.48847926267281105,0.6842105263157895,0.6842105263157895
1315,0.9714285714285714,0.4,0.9714285714285714
1316,0.8,0.6666666666666666,0.8
1317,0.9333333333333333,0.55,0.9333333333333333
1318,0.9285714285714286,0.6818181818181818,0.9285714285714286
1319,0.9444444444444444,0.5,0.9444444444444444
1320,0.7988505747126438,0.5714285714285714,0.7988505747126438
1321,0.543918918918919,0.7692307692307693,0.7692307692307693
1322,0.9473684210526315,0.75,0.9473684210526315
1323,0.6077922077922078,0.6666666666666666,0.6666666666666666
1324,0.54375,0.7222222222222222,0.7222222222222222
1325,0.5784313725490196,0.6875,0.6875
1326,0.7696078431372548,0.6875,0.7696078431372548
1327,0.90625,0.7222222222222222,0.90625
1328,0.8243727598566308,0.631578947368421,0.8243727598566308
1329,0.9655172413793104,0.7619047619047619,0.9655172413793104
1330,0.5977011494252873,0.5238095238095238,0.5977011494252873
1331,0.8709677419354839,0.5263157894736842,0.8709677419354839
1332,0.5333333333333333,0.4,0.5333333333333333
1333,0.7450980392156863,0.625,0.7450980392156863
1334,0.5392857142857143,0.5333333333333333,0.5392857142857143
1335,0.78125,0.5555555555555556,0.78125
1336,0.9117647058823529,0.75,0.9117647058823529
1337,0.5657894736842105,0.75,0.75
1338,0.8611111111111112,0.8571428571428571,0.8611111111111112
1339,0.8611111111111112,0.5714285714285714,0.8611111111111112
1340,0.6709677419354838,0.631578947368421,0.6709677419354838
1341,0.7321428571428571,0.4,0.7321428571428571
1342,0.7904761904761906,0.85,0.85
1343,0.9142857142857143,0.5333333333333333,0.9142857142857143
1344,0.6332046332046333,0.6923076923076923,0.6923076923076923
1345,0.9714285714285714,0.4,0.9714285714285714
1346,0.9393939393939394,0.7647058823529411,0.9393939393939394
1347,0.9230769230769231,0.5833333333333334,0.9230769230769231
1348,0.76890756302521,0.75,0.76890756302521
1349,0.8823529411764706,0.625,0.8823529411764706
1350,0.5151515151515151,0.5294117647058824,0.5294117647058824
1351,0.8787878787878788,0.8235294117647058,0.8787878787878788
1352,0.8263888888888888,0.6111111111111112,0.8263888888888888
1353,0.7189189189189189,0.6923076923076923,0.7189189189189189
1354,0.6805555555555556,0.5714285714285714,0.6805555555555556
1355,0.8333333333333334,0.5,0.8333333333333334
1356,0.9166666666666666,0.7142857142857143,0.9166666666666666
1357,0.9210526315789473,0.9166666666666666,0.9210526315789473
1358,0.8031746031746032,0.6666666666666666,0.8031746031746032
1359,0.8268398268398269,0.6470588235294118,0.8268398268398269
1360,0.7745098039215687,0.75,0.7745098039215687
1361,0.7782258064516129,0.5263157894736842,0.7782258064516129
1362,0.6666666666666667,0.55,0.6666666666666667
1363,0.7455197132616488,0.7894736842105263,0.7894736842105263
1364,0.6285714285714286,0.6,0.6285714285714286
1365,0.8455882352941176,0.8125,0.8455882352941176
1366,0.92,0.72,0.92
1367,0.7916666666666666,0.6428571428571429,0.7916666666666666
1368,0.9411764705882353,0.4375,0.9411764705882353
1369,0.7490347490347491,0.7692307692307693,0.7692307692307693
1370,0.6666666666666666,0.5714285714285714,0.6666666666666666
1371,0.967741935483871,0.8421052631578947,0.967741935483871
1372,0.8226600985221675,0.7142857142857143,0.8226600985221675
1373,0.6444444444444445,0.5,0.6444444444444445
1374,0.7662337662337662,0.5294117647058824,0.7662337662337662
1375,0.5380952380952382,0.7,0.7
1376,0.7954545454545454,0.5294117647058824,0.7954545454545454
1377,0.38235294117647056,0.75,0.75
1378,0.7205882352941176,0.6875,0.7205882352941176
1379,0.8211538461538461,1.0,1.0
1380,0.8857142857142857,0.4666666666666667,0.8857142857142857
1381,0.5277777777777779,0.7142857142857143,0.7142857142857143
1382,0.9629629629629629,0.5217391304347826,0.9629629629629629
1383,0.7867647058823529,0.75,0.7867647058823529
1384,0.5714285714285714,0.8,0.8
1385,0.5892857142857143,0.8333333333333334,0.8333333333333334
1386,0.667953667953668,0.7692307692307693,0.7692307692307693
1387,0.9354838709677419,0.5263157894736842,0.9354838709677419
1388,0.6666666666666666,0.5,0.6666666666666666
1389,0.972972972972973,0.5384615384615384,0.972972972972973
1390,0.8090909090909091,0.5294117647058824,0.8090909090909091
1391,0.44594594594594594,0.46153846153846156,0.46153846153846156
1392,0.9333333333333333,0.8,0.9333333333333333
1393,0.9512195121951219,0.6666666666666666,0.9512195121951219
1394,0.7206349206349206,0.5333333333333333,0.7206349206349206
1395,0.896551724137931,0.5238095238095238,0.896551724137931
1396,0.8310344827586207,0.8095238095238095,0.8310344827586207
1397,0.9459459459459459,0.7692307692307693,0.9459459459459459
1398,0.7142857142857142,0.7333333333333333,0.7333333333333333
1399,0.8178571428571428,0.7333333333333333,0.8178571428571428
1400,0.6973684210526315,0.8333333333333334,0.8333333333333334
1401,0.7222222222222222,0.2857142857142857,0.7222222222222222
1402,0.5599999999999999,0.76,0.76
1403,0.7727272727272728,0.7058823529411765,0.7727272727272728
1404,0.9375,0.6111111111111112,0.9375
1405,0.8518518518518519,0.6956521739130435,0.8518518518518519
1406,0.8063063063063064,0.6153846153846154,0.8063063063063064
1407,0.5459459459459459,0.7692307692307693,0.7692307692307693
1408,0.6205357142857143,0.6666666666666666,0.6666666666666666
1409,0.9666666666666667,0.65,0.9666666666666667
1410,0.6944444444444445,0.6428571428571429,0.6944444444444445
1411,0.5411764705882353,0.5,0.5411764705882353
1412,0.7473684210526315,0.5833333333333334,0.7473684210526315
1413,0.8263888888888888,0.6111111111111112,0.8263888888888888
1414,0.8143939393939394,0.7058823529411765,0.8143939393939394
1415,0.8536585365853658,0.7777777777777778,0.8536585365853658
1416,0.8709677419354839,0.631578947368421,0.8709677419354839
1417,0.6090225563909775,0.6666666666666666,0.6666666666666666
1418,0.7083333333333334,0.5,0.7083333333333334
1419,0.6029411764705882,0.625,0.625
1420,0.75,0.7222222222222222,0.75
1421,0.7361111111111112,0.6428571428571429,0.7361111111111112
1422,0.9642857142857143,0.6363636363636364,0.9642857142857143
1423,0.8888888888888888,0.8571428571428571,0.8888888888888888
1424,0.9666666666666667,0.7,0.9666666666666667
1425,0.9722222222222222,0.5714285714285714,0.9722222222222222
1426,0.9375,0.7222222222222222,0.9375
1427,0.6142857142857143,0.65,0.65
1428,0.9333333333333333,0.5,0.9333333333333333
1429,0.9,0.6,0.9
1430,0.6944444444444444,0.7857142857142857,0.7857142857142857
1431,0.76890756302521,0.625,0.76890756302521
1432,0.7166666666666666,0.7857142857142857,0.7857142857142857
1433,0.7459677419354839,0.5789473684210527,0.7459677419354839
1434,0.5354838709677419,0.6842105263157895,0.6842105263157895
1435,0.9166666666666666,0.7142857142857143,0.9166666666666666
1436,0.717948717948718,0.7083333333333334,0.717948717948718
1437,0.875,0.6666666666666666,0.875
1438,0.8461538461538461,0.5416666666666666,0.8461538461538461
1439,0.972972972972973,0.5384615384615384,0.972972972972973
1440,0.6111111111111112,0.6,0.6111111111111112
1441,0.5923076923076923,0.7,0.7
1442,0.6907894736842105,0.75,0.75
1443,0.6,0.7777777777777778,0.7777777777777778
1444,0.875,0.64,0.875
1445,0.8285714285714286,0.6666666666666666,0.8285714285714286
1446,0.6061776061776062,0.7692307692307693,0.7692307692307693
1447,0.7395833333333334,0.5555555555555556,0.7395833333333334
1448,0.9166666666666666,0.5714285714285714,0.9166666666666666
1449,0.9310344827586207,0.6666666666666666,0.9310344827586207
1450,0.5984848484848485,0.7058823529411765,0.7058823529411765
1451,0.9473684210526315,0.75,0.9473684210526315
1452,0.7017543859649124,0.4166666666666667,0.7017543859649124
1453,0.5714285714285714,0.38095238095238093,0.5714285714285714
1454,0.9032258064516129,0.631578947368421,0.9032258064516129
1455,0.6354166666666667,0.6666666666666666,0.6666666666666666
1456,0.7428571428571429,0.5333333333333333,0.7428571428571429
1457,0.6484848484848484,0.7058823529411765,0.7058823529411765
1458,0.768421052631579,0.6666666666666666,0.768421052631579
1459,0.875,0.8333333333333334,0.875
1460,1.0,0.875,1.0
1461,0.32352941176470584,0.625,0.625
1462,0.7117647058823529,0.875,0.875
1463,0.9,0.85,0.9
1464,0.55,0.65,0.65
1465,0.5641025641025641,0.45454545454545453,0.5641025641025641
1466,0.7333333333333334,0.6,0.7333333333333334
1467,0.5629629629629629,0.6086956521739131,0.6086956521739131
1468,0.7666666666666667,0.7,0.7666666666666667
1469,0.7708333333333334,0.5555555555555556,0.7708333333333334
1470,0.6642857142857143,0.9333333333333333,0.9333333333333333
1471,1.0,0.5238095238095238,1.0
1472,0.9032258064516129,0.7894736842105263,0.9032258064516129
1473,0.8918918918918919,0.7692307692307693,0.8918918918918919
1474,0.65625,0.6111111111111112,0.65625
1475,0.7189542483660131,0.6875,0.7189542483660131
1476,0.7976190476190477,0.6818181818181818,0.7976190476190477
1477,0.875,0.7222222222222222,0.875
1478,0.6532258064516129,0.7894736842105263,0.7894736842105263
1479,0.9310344827586207,0.6190476190476191,0.9310344827586207
1480,0.42105263157894735,0.75,0.75
1481,0.6209677419354839,0.8947368421052632,0.8947368421052632
1482,0.8857142857142857,0.6666666666666666,0.8857142857142857
1483,0.9473684210526315,0.6666666666666666,0.9473684210526315
1484,0.9117647058823529,0.75,0.9117647058823529
1485,0.76875,0.5,0.76875
1486,0.3142857142857143,0.5333333333333333,0.5333333333333333
1487,0.5476190476190477,0.7142857142857143,0.7142857142857143
1488,0.5340909090909091,0.7058823529411765,0.7058823529411765
1489,0.828009828009828,0.5384615384615384,0.828009828009828
1490,0.4285714285714286,0.7333333333333333,0.7333333333333333
1491,0.9666666666666667,0.45,0.9666666666666667
1492,0.4722222222222222,0.42857142857142855,0.4722222222222222
1493,0.7979797979797979,0.8571428571428571,0.8571428571428571
1494,0.6666666666666666,0.5652173913043478,0.6666666666666666
1495,0.9090909090909091,0.5882352941176471,0.9090909090909091
1496,0.6949806949806949,0.7692307692307693,0.7692307692307693
1497,0.7459677419354839,0.5263157894736842,0.7459677419354839
1498,0.6344086021505377,0.5789473684210527,0.6344086021505377
1499,0.8,0.6,0.8
1500,0.7394957983193278,0.5,0.7394957983193278
1501,0.9333333333333333,0.7,0.9333333333333333
1502,0.6666666666666667,0.55,0.6666666666666667
1503,0.76036866359447,0.631578947368421,0.76036866359447
1504,0.793918918918919,0.6923076923076923,0.793918918918919
1505,0.2310344827586207,0.7142857142857143,0.7142857142857143
1506,0.9411764705882353,0.5625,0.9411764705882353
1507,0.6403508771929824,0.6666666666666666,0.6666666666666666
1508,0.6904761904761905,0.8846153846153846,0.8846153846153846
1509,0.75,0.6842105263157895,0.75
1510,0.96875,0.6666666666666666,0.96875
1511,0.8648648648648649,0.6923076923076923,0.8648648648648649
1512,1.0,0.5333333333333333,1.0
1513,0.9666666666666667,0.6,0.9666666666666667
1514,0.8484848484848485,0.5882352941176471,0.8484848484848485
1515,0.7333333333333334,0.7,0.7333333333333334
1516,0.657142857142857,0.8,0.8
1517,0.9473684210526315,0.5833333333333334,0.9473684210526315
1518,0.6642857142857143,0.6,0.6642857142857143
1519,0.7166666666666667,0.7,0.7166666666666667
1520,0.9428571428571428,0.7333333333333333,0.9428571428571428
1521,0.6720430107526882,0.5263157894736842,0.6720430107526882
1522,0.6060606060606062,0.47058823529411764,0.6060606060606062
1523,0.7428571428571429,0.7333333333333333,0.7428571428571429
1524,0.76036866359447,0.6842105263157895,0.76036866359447
1525,0.775,0.8,0.8
1526,0.4032258064516129,0.631578947368421,0.631578947368421
1527,0.9444444444444444,0.6428571428571429,0.9444444444444444
1528,0.8709677419354839,0.631578947368421,0.8709677419354839
1529,0.7005347593582887,0.75,0.75
1530,0.9629629629629629,0.7391304347826086,0.9629629629629629
1531,0.7741935483870968,0.8947368421052632,0.8947368421052632
1532,0.6666666666666667,0.5714285714285714,0.6666666666666667
1533,0.7782258064516129,0.47368421052631576,0.7782258064516129
1534,0.90625,0.4444444444444444,0.90625
1535,0.96875,0.4444444444444444,0.96875
1536,0.793918918918919,0.7692307692307693,0.793918918918919
1537,0.8275862068965517,0.6190476190476191,0.8275862068965517
1538,0.9354838709677419,0.5789473684210527,0.9354838709677419
1539,0.6148648648648649,0.7692307692307693,0.7692307692307693
1540,0.7411764705882353,0.75,0.75
1541,0.46111111111111114,0.5,0.5
1542,0.7142857142857142,0.7333333333333333,0.7333333333333333
1543,0.9,0.5,0.9
1544,0.6070460704607046,0.4444444444444444,0.6070460704607046
1545,0.90625,0.5555555555555556,0.90625
1546,0.5333333333333334,0.65,0.65
1547,0.9,0.65,0.9
1548,0.9090909090909091,0.5294117647058824,0.9090909090909091
1549,0.9696969696969697,0.8235294117647058,0.9696969696969697
1550,0.7132616487455197,0.5789473684210527,0.7132616487455197
1551,0.9117647058823529,0.8125,0.9117647058823529
1552,0.707070707070707,0.5,0.707070707070707
1553,0.9032258064516129,0.47368421052631576,0.9032258064516129
1554,0.7782258064516129,0.7368421052631579,0.7782258064516129
1555,0.625925925925926,0.8695652173913043,0.8695652173913043
1556,0.8235294117647058,0.375,0.8235294117647058
1557,0.7008928571428572,0.8333333333333334,0.8333333333333334
1558,0.8857142857142857,0.6666666666666666,0.8857142857142857
1559,0.5930735930735931,0.5882352941176471,0.5930735930735931
1560,0.8209459459459459,0.6923076923076923,0.8209459459459459
1561,0.7983193277310925,0.625,0.7983193277310925
1562,0.6000000000000001,0.65,0.65
1563,0.9696969696969697,0.5294117647058824,0.9696969696969697
1564,0.4945652173913043,0.5925925925925926,0.5925925925925926
1565,0.683982683982684,0.7647058823529411,0.7647058823529411
1566,0.8709677419354839,0.7368421052631579,0.8709677419354839
1567,0.9285714285714286,0.6818181818181818,0.9285714285714286
1568,0.8787878787878788,0.5882352941176471,0.8787878787878788
1569,0.9,0.6,0.9
1570,0.625,0.7222222222222222,0.7222222222222222
1571,1.0,0.631578947368421,1.0
1572,0.9705882352941176,0.875,0.9705882352941176
1573,0.8181818181818181,0.6470588235294118,0.8181818181818181
1574,0.9714285714285714,0.6666666666666666,0.9714285714285714
1575,0.4824561403508772,0.8333333333333334,0.8333333333333334
1576,0.4597402597402597,0.5333333333333333,0.5333333333333333
1577,0.7444444444444445,0.75,0.75
1578,0.65625,0.6666666666666666,0.6666666666666666
1579,1.0,0.7083333333333334,1.0
1580,0.792626728110599,0.5263157894736842,0.792626728110599
1581,0.7395833333333334,0.6666666666666666,0.7395833333333334
1582,0.5357142857142858,0.6818181818181818,0.6818181818181818
1583,0.792626728110599,0.7894736842105263,0.792626728110599
1584,0.3709677419354839,0.7368421052631579,0.7368421052631579
1585,0.6941176470588235,0.8125,0.8125
1586,0.9428571428571428,0.7333333333333333,0.9428571428571428
1587,0.8226600985221675,0.5714285714285714,0.8226600985221675
1588,0.9629629629629629,0.782608695652174,0.9629629629629629
1589,0.96875,0.4444444444444444,0.96875
1590,0.6333333333333333,0.6,0.6333333333333333
1591,0.7746031746031745,0.7333333333333333,0.7746031746031745
1592,0.6527777777777778,0.6111111111111112,0.6527777777777778
1593,0.8823529411764706,0.5625,0.8823529411764706
1594,0.8268398268398269,0.7647058823529411,0.8268398268398269
1595,0.7515151515151515,0.65,0.7515151515151515
1596,0.9583333333333334,0.8076923076923077,0.9583333333333334
1597,0.6071428571428571,0.6666666666666666,0.6666666666666666
1598,0.37058823529411766,0.625,0.625
1599,0.8648648648648649,0.5384615384615384,0.8648648648648649
1600,0.75,0.8333333333333334,0.8333333333333334
1601,0.6770833333333334,0.5555555555555556,0.6770833333333334
1602,0.6823529411764706,0.75,0.75
1603,0.8484848484848485,0.8823529411764706,0.8823529411764706
1604,0.8888888888888888,0.65,0.8888888888888888
1605,0.5393939393939394,0.8235294117647058,0.8235294117647058
1606,0.792626728110599,0.6842105263157895,0.792626728110599
1607,0.37451737451737455,0.6923076923076923,0.6923076923076923
1608,0.9,0.6,0.9
1609,0.5444444444444444,0.6428571428571429,0.6428571428571429
1610,1.0,0.5789473684210527,1.0
1611,0.8020833333333334,0.6111111111111112,0.8020833333333334
1612,0.7032967032967032,0.6363636363636364,0.7032967032967032
1613,0.9032258064516129,0.7894736842105263,0.9032258064516129
1614,0.8571428571428572,0.7,0.8571428571428572
1615,0.5333333333333333,0.7,0.7
1616,0.4,0.5,0.5
1617,0.7688172043010753,0.631578947368421,0.7688172043010753
1618,0.4415584415584416,0.7058823529411765,0.7058823529411765
1619,0.5860805860805861,0.5454545454545454,0.5860805860805861
1620,0.6215277777777778,0.7777777777777778,0.7777777777777778
1621,0.7928571428571429,0.6818181818181818,0.7928571428571429
1622,0.645945945945946,0.5384615384615384,0.645945945945946
1623,0.70625,0.6666666666666666,0.70625
1624,0.9393939393939394,0.7058823529411765,0.9393939393939394
1625,0.5809523809523809,0.6666666666666666,0.6666666666666666
1626,0.7259259259259259,0.43478260869565216,0.7259259259259259
1627,0.9310344827586207,0.47619047619047616,0.9310344827586207
1628,0.8,0.4666666666666667,0.8
1629,0.9166666666666666,0.7142857142857143,0.9166666666666666
1630,0.6354166666666667,0.7777777777777778,0.7777777777777778
1631,0.7948051948051947,0.6,0.7948051948051947
1632,0.5729166666666667,0.3333333333333333,0.5729166666666667
1633,0.38888888888888884,0.5714285714285714,0.5714285714285714
1634,0.631336405529954,0.631578947368421,0.631578947368421
1635,0.8,0.5555555555555556,0.8
1636,0.7729729729729731,0.6923076923076923,0.7729729729729731
1637,0.7688172043010753,0.6842105263157895,0.7688172043010753
1638,0.7142857142857142,0.6666666666666666,0.7142857142857142
1639,0.8529411764705882,0.8125,0.8529411764705882
1640,0.8571428571428571,0.7272727272727273,0.8571428571428571
1641,0.7083333333333334,0.6428571428571429,0.7083333333333334
1642,0.96,0.52,0.96
1643,0.7575757575757576,0.7058823529411765,0.7575757575757576
1644,0.9090909090909091,0.7647058823529411,0.9090909090909091
1645,0.8857142857142857,0.7333333333333333,0.8857142857142857
1646,0.9090909090909091,0.5882352941176471,0.9090909090909091
1647,0.9696969696969697,0.8235294117647058,0.9696969696969697
1648,0.96875,0.6111111111111112,0.96875
1649,0.7275985663082438,0.5789473684210527,0.7275985663082438
1650,0.426829268292683,0.6666666666666666,0.6666666666666666
1651,0.8378378378378378,0.7692307692307693,0.8378378378378378
1652,1.0,0.6666666666666666,1.0
1653,0.6410256410256411,0.5416666666666666,0.6410256410256411
1654,0.90625,0.6111111111111112,0.90625
1655,0.6911764705882353,0.5625,0.6911764705882353
1656,0.70625,0.7222222222222222,0.7222222222222222
1657,0.8709677419354839,0.5263157894736842,0.8709677419354839
1658,0.6730769230769231,0.6363636363636364,0.6730769230769231
1659,0.5763546798029556,0.8095238095238095,0.8095238095238095
1660,0.6354166666666667,0.4444444444444444,0.6354166666666667
1661,0.6888888888888889,0.6521739130434783,0.6888888888888889
1662,0.8010752688172044,0.8421052631578947,0.8421052631578947
1663,0.8696969696969697,0.5882352941176471,0.8696969696969697
1664,0.7333333333333334,0.5,0.7333333333333334
1665,0.8746081504702194,0.6666666666666666,0.8746081504702194
1666,0.7745098039215687,0.6875,0.7745098039215687
1667,0.8666666666666667,0.7,0.8666666666666667
1668,0.7771428571428571,0.64,0.7771428571428571
1669,0.7156862745098039,0.75,0.75
1670,0.8666666666666667,0.5,0.8666666666666667
1671,0.8378378378378378,0.7692307692307693,0.8378378378378378
1672,0.9354838709677419,0.7368421052631579,0.9354838709677419
1673,0.7746031746031745,0.6,0.7746031746031745
1674,0.7465277777777778,0.5555555555555556,0.7465277777777778
1675,0.84375,0.5555555555555556,0.84375
1676,0.6805555555555556,0.7142857142857143,0.7142857142857143
1677,0.7166666666666666,0.6428571428571429,0.7166666666666666
1678,0.6388888888888888,0.35714285714285715,0.6388888888888888
1679,0.595959595959596,0.7647058823529411,0.7647058823529411
1680,0.4529411764705882,0.625,0.625
1681,0.8060344827586207,0.42857142857142855,0.8060344827586207
1682,0.9705882352941176,0.375,0.9705882352941176
1683,0.9310344827586207,0.5714285714285714,0.9310344827586207
1684,0.7867647058823529,0.625,0.7867647058823529
1685,0.7137096774193549,0.5789473684210527,0.7137096774193549
1686,0.7782258064516129,0.8421052631578947,0.8421052631578947
1687,0.6428571428571429,0.7727272727272727,0.7727272727272727
1688,0.9354838709677419,0.8421052631578947,0.9354838709677419
1689,0.6565656565656566,0.7058823529411765,0.7058823529411765
1690,0.6666666666666667,0.7368421052631579,0.7368421052631579
1691,0.8888888888888888,0.6086956521739131,0.8888888888888888
1692,0.7708333333333334,0.4444444444444444,0.7708333333333334
1693,0.5625,0.6666666666666666,0.6666666666666666
1694,0.8888888888888888,0.8571428571428571,0.8888888888888888
1695,0.8823529411764706,0.625,0.8823529411764706
1696,0.6372549019607843,0.5,0.6372549019607843
1697,0.7222222222222222,0.42857142857142855,0.7222222222222222
1698,0.6060606060606062,0.6470588235294118,0.6470588235294118
1699,0.7709677419354839,0.8421052631578947,0.8421052631578947
1700,0.5855855855855856,0.46153846153846156,0.5855855855855856
1701,0.8035714285714286,0.5454545454545454,0.8035714285714286
1702,0.9090909090909091,0.7647058823529411,0.9090909090909091
1703,0.6709677419354838,0.5263157894736842,0.6709677419354838
1704,0.6148648648648649,0.5384615384615384,0.6148648648648649
1705,0.7043010752688172,0.631578947368421,0.7043010752688172
1706,0.967741935483871,0.631578947368421,0.967741935483871
1707,0.8529411764705882,0.75,0.8529411764705882
1708,0.6714285714285715,0.6,0.6714285714285715
1709,0.7124183006535947,0.75,0.75
1710,0.9310344827586207,0.6190476190476191,0.9310344827586207
1711,0.9444444444444444,0.7142857142857143,0.9444444444444444
1712,0.972972972972973,0.6923076923076923,0.972972972972973
1713,0.8445747800586509,0.5263157894736842,0.8445747800586509
1714,0.8233766233766233,0.8,0.8233766233766233
1715,0.6333333333333334,0.7333333333333333,0.7333333333333333
1716,0.8125,0.5555555555555556,0.8125
1717,0.5729166666666667,0.5555555555555556,0.5729166666666667
1718,0.7717948717948718,0.5454545454545454,0.7717948717948718
1719,0.8666666666666667,0.6,0.8666666666666667
1720,0.7867647058823529,0.6875,0.7867647058823529
1721,0.4000000000000001,0.4666666666666667,0.4666666666666667
1722,1.0,0.65,1.0
1723,0.675,0.6,0.675
1724,0.9473684210526315,0.8333333333333334,0.9473684210526315
1725,0.5735294117647058,0.6875,0.6875
1726,0.7424242424242424,0.35294117647058826,0.7424242424242424
1727,0.8666666666666667,0.5,0.8666666666666667
1728,0.6814516129032258,0.7894736842105263,0.7894736842105263
1729,0.8083333333333333,0.5,0.8083333333333333
1730,0.7222222222222222,0.6428571428571429,0.7222222222222222
1731,0.8846153846153846,0.5833333333333334,0.8846153846153846
1732,0.6444444444444444,0.7857142857142857,0.7857142857142857
1733,0.7,0.7,0.7
1734,0.9142857142857143,0.26666666666666666,0.9142857142857143
1735,0.37698412698412703,0.7857142857142857,0.7857142857142857
1736,0.42500000000000004,0.7,0.7
1737,0.8571428571428571,0.5333333333333333,0.8571428571428571
1738,0.728937728937729,0.6363636363636364,0.728937728937729
1739,0.8226600985221675,0.6666666666666666,0.8226600985221675
1740,0.6895424836601307,0.625,0.6895424836601307
1741,0.7983193277310925,0.625,0.7983193277310925
1742,0.7359307359307359,0.6470588235294118,0.7359307359307359
1743,0.8857142857142857,0.7333333333333333,0.8857142857142857
1744,0.8888888888888888,0.6086956521739131,0.8888888888888888
1745,0.76875,0.7222222222222222,0.76875
1746,0.6515151515151516,0.5294117647058824,0.6515151515151516
1747,0.8888888888888888,0.6956521739130435,0.8888888888888888
1748,0.6840277777777778,0.6666666666666666,0.6840277777777778
1749,0.8317460317460317,0.6,0.8317460317460317
1750,0.782051282051282,0.5454545454545454,0.782051282051282
1751,0.9696969696969697,0.5294117647058824,0.9696969696969697
1752,0.9310344827586207,0.5238095238095238,0.9310344827586207
1753,0.8194444444444444,0.7142857142857143,0.8194444444444444
1754,0.84375,0.5,0.84375
1755,0.9375,0.8333333333333334,0.9375
1756,0.825925925925926,0.7391304347826086,0.825925925925926
1757,0.8161764705882353,0.625,0.8161764705882353
1758,0.7115384615384616,0.6666666666666666,0.7115384615384616
1759,0.8464285714285714,0.5333333333333333,0.8464285714285714
1760,0.6655172413793105,0.5714285714285714,0.6655172413793105
1761,0.7983193277310925,0.5625,0.7983193277310925
1762,0.95,0.5,0.95
1763,0.8571428571428571,0.6,0.8571428571428571
1764,0.9696969696969697,0.5294117647058824,0.9696969696969697
1765,0.9393939393939394,0.8235294117647058,0.9393939393939394
1766,0.5375,0.6111111111111112,0.6111111111111112
1767,0.9375,0.6111111111111112,0.9375
1768,0.8275862068965517,0.5714285714285714,0.8275862068965517
1769,0.8576388888888888,0.7222222222222222,0.8576388888888888
1770,0.9117647058823529,0.5625,0.9117647058823529
1771,0.6666666666666667,0.7,0.7
1772,0.6848739495798319,0.5625,0.6848739495798319
1773,0.7727272727272728,0.5294117647058824,0.7727272727272728
1774,0.8181818181818181,0.5555555555555556,0.8181818181818181
1775,0.8666666666666667,0.75,0.8666666666666667
1776,0.6944444444444445,0.6428571428571429,0.6944444444444445
1777,0.6730769230769231,0.6363636363636364,0.6730769230769231
1778,1.0,0.75,1.0
1779,0.5661375661375662,0.6521739130434783,0.6521739130434783
1780,0.8709677419354839,0.6842105263157895,0.8709677419354839
1781,0.6029411764705882,0.6875,0.6875
1782,0.6,0.5333333333333333,0.6
1783,0.6611111111111112,0.9285714285714286,0.9285714285714286
1784,0.5784313725490196,0.6875,0.6875
1785,0.7777777777777778,0.6428571428571429,0.7777777777777778
1786,0.5555555555555556,0.6521739130434783,0.6521739130434783
1787,0.896551724137931,0.7142857142857143,0.896551724137931
1788,0.967741935483871,0.7368421052631579,0.967741935483871
1789,0.96,0.64,0.96
1790,0.9629629629629629,0.7391304347826086,0.9629629629629629
1791,0.7424242424242424,0.6470588235294118,0.7424242424242424
1792,0.8484848484848485,0.8823529411764706,0.8823529411764706
1793,0.8746081504702194,0.6666666666666666,0.8746081504702194
1794,0.692063492063492,0.7333333333333333,0.7333333333333333
1795,0.6571428571428571,0.6,0.6571428571428571
1796,0.7428571428571429,0.7333333333333333,0.7428571428571429
1797,0.6666666666666667,0.8571428571428571,0.8571428571428571
1798,0.7555555555555555,0.8,0.8
1799,0.7089947089947091,0.6956521739130435,0.7089947089947091
1800,0.8209459459459459,0.6153846153846154,0.8209459459459459
1801,0.7444444444444445,0.5714285714285714,0.7444444444444445
1802,0.6862745098039216,0.625,0.6862745098039216
1803,0.7712418300653594,0.4375,0.7712418300653594
1804,0.709090909090909,0.6470588235294118,0.709090909090909
1805,0.76890756302521,0.6875,0.76890756302521
1806,0.7951388888888888,0.6666666666666666,0.7951388888888888
1807,0.7666666666666667,0.7,0.7666666666666667
1808,0.5966386554621849,0.5625,0.5966386554621849
1809,0.7088122605363985,0.5238095238095238,0.7088122605363985
1810,0.7142857142857142,0.4,0.7142857142857142
1811,0.9142857142857143,0.6666666666666666,0.9142857142857143
1812,0.59375,0.7777777777777778,0.7777777777777778
1813,0.9354838709677419,0.6842105263157895,0.9354838709677419
1814,0.9090909090909091,0.5882352941176471,0.9090909090909091
1815,0.5642857142857143,0.7272727272727273,0.7272727272727273
1816,0.5053763440860215,0.631578947368421,0.631578947368421
1817,0.872972972972973,0.46153846153846156,0.872972972972973
1818,0.7046783625730995,0.9166666666666666,0.9166666666666666
1819,0.7792792792792793,0.8461538461538461,0.8461538461538461
1820,0.8529411764705882,0.4375,0.8529411764705882
1821,0.9393939393939394,0.7058823529411765,0.9393939393939394
1822,0.8006535947712419,0.6875,0.8006535947712419
1823,0.7914438502673796,0.6875,0.7914438502673796
1824,0.803921568627451,0.6875,0.803921568627451
1825,0.9428571428571428,0.6666666666666666,0.9428571428571428
1826,0.7688172043010753,0.6842105263157895,0.7688172043010753
1827,0.6753246753246753,0.7647058823529411,0.7647058823529411
1828,0.564935064935065,0.45454545454545453,0.564935064935065
1829,0.5698924731182795,0.631578947368421,0.631578947368421
1830,0.8143939393939394,0.35294117647058826,0.8143939393939394
1831,0.8928571428571429,0.6363636363636364,0.8928571428571429
1832,0.9459459459459459,0.6923076923076923,0.9459459459459459
1833,0.8200000000000001,0.48,0.8200000000000001
1834,0.84375,0.6111111111111112,0.84375
1835,0.7745098039215687,0.8125,0.8125
1836,0.9354838709677419,0.47368421052631576,0.9354838709677419
1837,0.6904761904761905,0.625,0.6904761904761905
1838,0.48571428571428565,0.5333333333333333,0.5333333333333333
1839,0.7598566308243728,0.7894736842105263,0.7894736842105263
1840,0.6205357142857143,0.6666666666666666,0.6666666666666666
1841,0.4928571428571429,0.8636363636363636,0.8636363636363636
1842,0.96875,0.5555555555555556,0.96875
1843,0.6974358974358974,0.8181818181818182,0.8181818181818182
1844,0.6285714285714286,0.5333333333333333,0.6285714285714286
1845,0.96,0.68,0.96
1846,0.90625,0.7222222222222222,0.90625
1847,0.48235294117647054,0.625,0.625
1848,0.967741935483871,0.5789473684210527,0.967741935483871
1849,0.65625,0.5555555555555556,0.65625
1850,0.7545787545787546,0.36363636363636365,0.7545787545787546
1851,0.672514619883041,0.6666666666666666,0.672514619883041
1852,0.9,0.55,0.9
1853,0.7155172413793104,0.6666666666666666,0.7155172413793104
1854,0.8888888888888888,0.7857142857142857,0.8888888888888888
1855,0.6428571428571428,0.5,0.6428571428571428
1856,0.7592592592592593,0.7391304347826086,0.7592592592592593
1857,0.8285714285714286,0.5333333333333333,0.8285714285714286
1858,0.6601307189542484,0.625,0.6601307189542484
1859,0.8823529411764706,0.8125,0.8823529411764706
1860,0.9428571428571428,0.4666666666666667,0.9428571428571428
1861,0.9642857142857143,0.6818181818181818,0.9642857142857143
1862,0.8529411764705882,0.5625,0.8529411764705882
1863,0.9142857142857143,0.8,0.9142857142857143
1864,0.7142857142857142,0.5333333333333333,0.7142857142857142
1865,0.6120689655172413,0.6190476190476191,0.6190476190476191
1866,0.6895424836601307,0.625,0.6895424836601307
1867,0.6000000000000001,0.75,0.75
1868,0.9444444444444444,0.6428571428571429,0.9444444444444444
1869,0.9142857142857143,0.7333333333333333,0.9142857142857143
1870,0.8,0.7333333333333333,0.8
1871,0.7714285714285714,0.8,0.8
1872,0.8787878787878788,0.7647058823529411,0.8787878787878788
1873,0.9487179487179487,0.6363636363636364,0.9487179487179487
1874,0.9,0.7,0.9
1875,0.90625,0.6666666666666666,0.90625
1876,0.7761904761904762,0.8666666666666667,0.8666666666666667
1877,0.868421052631579,0.6666666666666666,0.868421052631579
1878,0.7638888888888888,0.7857142857142857,0.7857142857142857
1879,0.7564102564102565,0.8181818181818182,0.8181818181818182
1880,0.8263888888888888,0.5,0.8263888888888888
1881,0.8472222222222222,0.7857142857142857,0.8472222222222222
1882,0.6960227272727273,0.8333333333333334,0.8333333333333334
1883,0.75,0.7272727272727273,0.75
1884,0.764367816091954,0.7142857142857143,0.764367816091954
1885,0.6888888888888889,0.85,0.85
1886,0.9090909090909091,0.7647058823529411,0.9090909090909091
1887,0.9,0.65,0.9
1888,0.9714285714285714,0.6666666666666666,0.9714285714285714
1889,0.9142857142857143,0.7333333333333333,0.9142857142857143
1890,0.4805194805194805,0.6470588235294118,0.6470588235294118
1891,0.6031746031746031,0.7857142857142857,0.7857142857142857
1892,0.8857142857142857,0.6666666666666666,0.8857142857142857
1893,0.8823529411764706,0.625,0.8823529411764706
1894,0.9696969696969697,0.6470588235294118,0.9696969696969697
1895,0.8709677419354839,0.5263157894736842,0.8709677419354839
1896,0.8823529411764706,0.625,0.8823529411764706
1897,0.9090909090909091,0.7647058823529411,0.9090909090909091
1898,0.7641277641277642,0.6153846153846154,0.7641277641277642
1899,0.8461538461538461,0.5833333333333334,0.8461538461538461
1900,0.825925925925926,0.6956521739130435,0.825925925925926
1901,0.5784313725490196,0.5,0.5784313725490196
1902,0.6904761904761905,0.5714285714285714,0.6904761904761905
1903,0.96875,0.5555555555555556,0.96875
1904,0.8529411764705882,0.8125,0.8529411764705882
1905,0.8787878787878788,0.7058823529411765,0.8787878787878788
1906,0.8675213675213675,0.5714285714285714,0.8675213675213675
1907,0.5705882352941176,0.8125,0.8125
1908,0.8666666666666667,0.7,0.8666666666666667
1909,0.7761904761904762,0.6666666666666666,0.7761904761904762
1910,0.8275862068965517,0.6190476190476191,0.8275862068965517
1911,0.8705882352941177,0.5625,0.8705882352941177
1912,0.6517857142857143,0.6111111111111112,0.6517857142857143
1913,0.7012195121951219,0.6666666666666666,0.7012195121951219
1914,0.41287878787878785,0.6470588235294118,0.6470588235294118
1915,0.7394957983193278,0.75,0.75
1916,0.7373737373737375,0.8823529411764706,0.8823529411764706
1917,0.8387096774193549,0.7368421052631579,0.8387096774193549
1918,0.84375,0.5,0.84375
1919,0.5192307692307693,0.6666666666666666,0.6666666666666666
1920,0.680952380952381,0.85,0.85
1921,0.9642857142857143,0.5,0.9642857142857143
1922,0.8648648648648649,0.6923076923076923,0.8648648648648649
1923,0.90625,0.6111111111111112,0.90625
1924,0.7946428571428572,0.6111111111111112,0.7946428571428572
1925,0.6927899686520377,0.7142857142857143,0.7142857142857143
1926,0.6441441441441442,0.6923076923076923,0.6923076923076923
1927,0.6832844574780058,0.7894736842105263,0.7894736842105263
1928,0.7459459459459459,0.38461538461538464,0.7459459459459459
1929,0.6323529411764706,0.625,0.6323529411764706
1930,0.6142857142857143,0.6666666666666666,0.6666666666666666
1931,0.6720430107526882,0.6842105263157895,0.6842105263157895
1932,0.5367647058823529,0.8125,0.8125
1933,0.6794871794871795,0.8181818181818182,0.8181818181818182
1934,0.3787878787878788,0.6470588235294118,0.6470588235294118
1935,0.9655172413793104,0.7619047619047619,0.9655172413793104
1936,0.8,0.5,0.8
1937,0.875,0.6111111111111112,0.875
1938,0.7395833333333334,0.7777777777777778,0.7777777777777778
1939,0.8529411764705882,0.8125,0.8529411764705882
1940,0.35757575757575755,0.7058823529411765,0.7058823529411765
1941,0.7745098039215687,0.625,0.7745098039215687
1942,0.8611111111111112,0.7857142857142857,0.8611111111111112
1943,0.9117647058823529,0.875,0.9117647058823529
1944,1.0,0.8125,1.0
1945,0.8031746031746032,0.6666666666666666,0.8031746031746032
1946,0.8055555555555556,0.7857142857142857,0.8055555555555556
1947,0.5354838709677419,0.47368421052631576,0.5354838709677419
1948,0.8300653594771241,0.75,0.8300653594771241
1949,0.7298850574712644,0.5714285714285714,0.7298850574712644
1950,0.8666666666666667,0.65,0.8666666666666667
1951,0.5757575757575757,0.8823529411764706,0.8823529411764706
1952,0.7916666666666666,0.6428571428571429,0.7916666666666666
1953,0.76890756302521,0.5,0.76890756302521
1954,0.8238095238095238,0.75,0.8238095238095238
1955,0.7394957983193278,0.625,0.7394957983193278
1956,0.9666666666666667,0.55,0.9666666666666667
1957,0.6388888888888888,0.42857142857142855,0.6388888888888888
1958,0.5252525252525253,0.5294117647058824,0.5294117647058824
1959,0.84375,0.7222222222222222,0.84375
1960,0.5741935483870968,0.7368421052631579,0.7368421052631579
1961,0.7857142857142858,0.7727272727272727,0.7857142857142858
1962,0.7647058823529411,0.8125,0.8125
1963,0.5852534562211982,0.6842105263157895,0.6842105263157895
1964,0.9354838709677419,0.6842105263157895,0.9354838709677419
1965,0.3949579831932773,0.8125,0.8125
1966,0.7418300653594772,0.625,0.7418300653594772
1967,0.6666666666666667,0.75,0.75
1968,0.8238095238095238,0.65,0.8238095238095238
1969,0.6710526315789473,0.75,0.75
1970,0.9705882352941176,0.6875,0.9705882352941176
1971,0.7476190476190476,0.8,0.8
1972,0.8125,0.6111111111111112,0.8125
1973,0.6840277777777778,0.5555555555555556,0.6840277777777778
1974,0.8529411764705882,0.6875,0.8529411764705882
1975,0.6868686868686869,0.7647058823529411,0.7647058823529411
1976,0.918918918918919,0.6153846153846154,0.918918918918919
1977,0.8108108108108109,0.6923076923076923,0.8108108108108109
1978,0.6696696696696697,0.6923076923076923,0.6923076923076923
1979,1.0,1.0,1.0
1980,1.0,0.6,1.0
1981,0.7237237237237237,0.8461538461538461,0.8461538461538461
1982,0.975,0.5,0.975
1983,0.7708333333333334,0.6111111111111112,0.7708333333333334
1984,0.8333333333333334,0.6666666666666666,0.8333333333333334
1985,0.7638888888888888,0.5714285714285714,0.7638888888888888
1986,0.9354838709677419,0.7368421052631579,0.9354838709677419
1987,0.7807017543859649,0.75,0.7807017543859649
1988,0.7333333333333334,0.6,0.7333333333333334
1989,0.9473684210526315,0.5833333333333334,0.9473684210526315
1990,0.8717948717948718,0.6363636363636364,0.8717948717948718
1991,0.709090909090909,0.5294117647058824,0.709090909090909
1992,0.638095238095238,0.3333333333333333,0.638095238095238
1993,0.70625,0.6666666666666666,0.70625
1994,0.7234848484848485,0.6470588235294118,0.7234848484848485
1995,0.90625,0.6666666666666666,0.90625
1996,0.8709677419354839,0.7368421052631579,0.8709677419354839
1997,0.719047619047619,0.7333333333333333,0.7333333333333333
1998,0.9117647058823529,0.8125,0.9117647058823529
1999,0.7214076246334311,0.631578947368421,0.7214076246334311
